Workbook

Sheet МХК
C1: КАССА за период: | D1: 46023 | E1: 46387 | G1: МХК Шымкент | K1: =D1 -> 46023
C3: Остаток на начало дня | D3: =J4 -> 1662 | E3: Х | J3: =SUMPRODUCT(((МХК!$B$9:$B712)>=($J$1))*((МХК!$B$9:$B712)<($K$1))*(МХК!$D$9:$D712)) -> 1662 | K3: =SUMPRODUCT(((МХК!$B$9:$B712)>=($J$1))*((МХК!$B$9:$B712)<($K$1))*(МХК!$E$9:$E712)) -> 0
C4: Итого за | D4: =SUMPRODUCT(((МХК!$B$9:$B712)>=($D$1))*((МХК!$B$9:$B712)<=($E$1))*(МХК!$D$9:$D712)) -> 1689876 | E4: =SUMPRODUCT(((МХК!$B$9:$B712)>=($D$1))*((МХК!$B$9:$B712)<=($E$1))*(МХК!$E$9:$E712)) -> 1419515 | J4: =J3-K3 -> 1662
C5: Остаток на конец дня | D5: =D3+D4-E4 -> 272023
D7: Наличные деньги
A8: № п/п | B8: Дата | C8: Категория | D8: Приход | E8: Расход | F8: Безнал/Банк карта | G8: Коментарии | H8: Входит в указанный период
A9: 1 | B9: 46022 | C9: НАЧАЛЬНЫЙ ОСТАТОК | D9: 1662 | H9: =IF(AND(МХК!$B9>=$D$1,МХК!$B9<=$E$1),"V","") | K9: =IFERROR(__xludf.DUMMYFUNCTION("SORT(UNIQUE(C9:C1112))"),"Инкассация в БЦК") -> Инкассация в БЦК
A10: 2 | B10: 46027 | C10: ИП Юлдашев QR | F10: 38480
A11: 3 | B11: 46027 | C11: ИП Абдурахманова ГТ QR | F11: 13000
A12: 4 | B12: 46027 | C12: Физ лицо Интернет Магазин QR | F12: 3540
A13: 5 | B13: 46027 | C13: Физ лицо Интернет Магазин QR | F13: 6500
A14: 6 | B14: 46027 | C14: Физ лицо Интернет Магазин QR | F14: 3300
A15: 7 | B15: 46027 | C15: ИП Анартаева QR | F15: 51300
A16: 8 | B16: 46027 | C16: ИП Анартаева QR | F16: 179880
A17: 9 | B17: 46031 | C17: ТОО SENIM - AL | D17: 32720
A18: 10 | B18: 46031 | C18: заправка и покупка катриджа | E18: 10400
A19: 11 | B19: 46034 | C19: Физ лицо Интернет Магазин QR | F19: 19990 | G19: нак 13
A20: 12 | B20: 46034 | C20: Физ лицо Интернет Магазин QR | F20: 1990 | G20: нак 14
A21: 13 | B21: 46034 | C21: Физ лицо Интернет Магазин QR | F21: 7200 | G21: накл 21
A22: 14 | B22: 46034 | C22: ТОО ANADOLU MED | D22: 34290
A23: 15 | B23: 46034 | C23: ИП Мирсалиев QR | F23: 20400 | G23: нак 16
A24: 16 | B24: 46034 | C24: Физ лицо Интернет Магазин QR | F24: 3200 | G24: нак 67
A25: 17 | B25: 46034 | C25: Физ лицо Интернет Магазин QR | F25: 15200 | G25: нак 66
A26: 18 | B26: 46034 | C26: Физ лицо Интернет Магазин QR | F26: 21500 | G26: нак 95
A27: 19 | B27: 46034 | C27: ИП Абдурахманова | F27: 29200 | G27: старая накл 4865
A28: 20 | B28: 46034 | C28: Физ лицо Интернет Магазин QR | F28: 7200 | G28: нак 96
A29: 21 | B29: 46034 | C29: Физ лицо Интернет Магазин QR | F29: 15990 | G29: нак 97
A30: 22 | B30: 46034 | C30: Физ лицо Интернет Магазин QR | F30: 9700 | G30: нак104
A31: 23 | B31: 46034 | C31: Физ лицо Интернет Магазин QR | F31: 15990 | G31: накл105
A32: 24 | B32: 46034 | C32: Физ лицо сотрудник QR | F32: 7121 | G32: накл106
A33: 25 | B33: 46034 | C33: Физ лицо сотрудник QR | F33: 991 | G33: накл 107
A34: 26 | B34: 46034 | C34: ТОО Asyl pharm | F34: 49980 | G34: накл 5431 старая
... A47: 39 | B47: 46036 | C47: ТОО Анар медикал QR | F47: 23720 | G47: накл 112
A48: 40 | B48: 46036 | C48: ТОО Қыран | D48: 19990
A49: 41 | B49: 46036 | C49: ТОО INCOMED QR | F49: 128300 | G49: накл 5714
A50: 42 | B50: 46036 | C50: ИП Тажимаметова QR | F50: 44000 | G50: накл 5712
A51: 43 | B51: 46036 | C51: Физ лицо Интернет Магазин QR | F51: 15680 | G51: накл 135
A52: 44 | B52: 46036 | C52: ИП Мир здоровья QR | F52: 123530 | G52: накл 90
A53: 45 | B53: 46037 | C53: ТОО Аршат фарм QR | F53: 30530 | G53: накл 109
A54: 46 | B54: 46037 | C54: Физ лицо Интернет Магазин QR | F54: 7200 | G54: sem 159
A55: 47 | B55: 46037 | C55: Физ лицо Интернет Магазин QR | F55: 7200 | G55: накл 158
A56: 48 | B56: 46037 | C56: Физ лицо Интернет Магазин QR | F56: 21500 | G56: накл 157
A57: 49 | B57: 46037 | C57: ТОО AL MAAD QR | F57: 10695 | G57: накл 154
A58: 50 | B58: 46037 | C58: Физ лицо Интернет Магазин QR | F58: 7200 | G58: накл 177
A59: 51 | B59: 46038 | C59: ИП Искакова QR | F59: 99140 | G59: накл 20
A60: 52 | B60: 46038 | C60: Физ лицо Интернет Магазин QR | F60: 4500 | G60: накл 181
... A66: 58 | B66: 46041 | C66: Физ лицо Интернет Магазин QR | F66: 21500 | G66: накл 193
A67: 59 | B67: 46041 | C67: ИП Сухрабджан | D67: 48850 | G67: накл 188
A68: 60 | B68: 46041 | C68: ИП Сухрабджан | D68: 34100 | G68: накл 186
A69: 61 | B69: 46041 | C69: ИП Мадина | D69: 111225 | G69: накл 184
A70: 62 | B70: 46041 | C70: ИП Farm city | D70: 32660 | G70: накл 182
A71: 63 | B71: 46041 | C71: ИП Имран | D71: 13475 | G71: накл 185
A72: 64 | B72: 46041 | C72: ИП Farm city | D72: 17665 | G72: накл 183
A73: 65 | B73: 46041 | C73: ИП ELECTO | D73: 5000 | G73: накл 3333
A74: 66 | B74: 46042 | C74: Инкасация в центральную кассу Астаны | E74: 341000 | G74: остат 237
A75: 67 | B75: 46042 | C75: Физ лицо Интернет Магазин QR | F75: 3200 | G75: накл 210
A76: 68 | B76: 46042 | C76: Физ лицо Интернет Магазин QR | F76: 5500 | G76: накл 198
A77: 69 | B77: 46042 | C77: Физ лицо Интернет Магазин QR | F77: 15990 | G77: накл 211
A78: 70 | B78: 46042 | C78: Физ лицо Интернет Магазин QR | F78: 3200 | G78: накл 206
A79: 71 | B79: 46042 | C79: Физ лицо Интернет Магазин QR | F79: 7200 | G79: накл 215
A80: 72 | B80: 46042 | C80: ИП Айтходжаева | D80: 12560 | G80: накл 196
A81: 73 | B81: 46042 | C81: ИП Орынбаева | D81: 10545 | G81: накл195
A82: 74 | B82: 46042 | C82: ТОО ANADOLU MED | D82: 43015 | G82: накл 194
A83: 75 | B83: 46042 | C83: ТОО Asyl pharm | D83: 38270 | G83: накл 202
A84: 76 | B84: 46042 | C84: ИП ELECTO | D84: 5000 | G84: накл 4843
A85: 77 | B85: 46042 | C85: Физ лицо Интернет Магазин QR | F85: 3200 | G85: накл 222
A86: 78 | B86: 46042 | C86: Физ лицо Интернет Магазин QR | F86: 15990 | G86: накл226
A87: 79 | B87: 46043 | C87: ИП Сабиржанова | D87: 15310 | G87: накл 225
A88: 80 | B88: 46043 | C88: ИП ELECTO | D88: 5000 | G88: накл 5116
A89: 81 | B89: 46043 | C89: Физ лицо Интернет Магазин QR | F89: 3200 | G89: накл 220
A90: 82 | B90: 46044 | C90: Физ лицо Интернет Магазин QR | F90: 15270 | G90: накл 249
A91: 83 | B91: 46044 | C91: Физ лицо Интернет Магазин QR | F91: 1990 | G91: накл 251
A92: 84 | B92: 46044 | C92: Физ лицо Интернет Магазин QR | F92: 19990 | G92: накл 252
A93: 85 | B93: 46044 | C93: Физ лицо Интернет Магазин QR | F93: 8700 | G93: накл 250
A94: 86 | B94: 46044 | C94: Инкасация в центральную кассу Астаны | E94: 125000 | G94: ост 4937
A95: 87 | B95: 46044 | C95: ИП ELECTO | D95: 5000
A96: 88 | B96: 46044 | C96: Физ лицо Интернет Магазин QR | F96: 8700 | G96: накл 277
A97: 89 | B97: 46045 | C97: Физ лицо Интернет Магазин QR | F97: 15990 | G97: накл
A98: 90 | B98: 46045 | C98: ИП Анартаева QR | F98: 71650 | G98: накл 122
A99: 91 | B99: 46045 | C99: ИП Анартаева QR | F99: 57330 | G99: накл 179
A100: 92 | B100: 46045 | C100: Физ лицо сотрудник QR | D100: 2456 | G100: накл 285
A101: 93 | B101: 46045 | C101: доставка | E101: 2000
A102: 94 | B102: 46045 | C102: доставка | E102: 2000
A103: 95 | B103: 46048 | C103: ТОО Al-KausarPharm QR | F103: 10290 | G103: накл 5356
A104: 96 | B104: 46048 | C104: ИП Болат QR | F104: 86462 | G104: накл 5677
A105: 97 | B105: 46048 | C105: ИП Сухрабджан | D105: 25600 | G105: накл 281
A106: 98 | B106: 46048 | C106: ТОО VITA плюс | D106: 37600 | G106: накл 282
A107: 99 | B107: 46048 | C107: Физ лицо Интернет Магазин QR | F107: 15990 | G107: нак 286
A108: 100 | B108: 46048 | C108: ИП Бекзатова QR | F108: 85850 | G108: накл 5632
A109: 101 | B109: 46048 | C109: ИП Тажимамметова QR | F109: 45692 | G109: накл 108
A110: 102 | B110: 46048 | C110: ТОО INCOMED QR | F110: 59202 | G110: накл 156
A111: 103 | B111: 46048 | C111: доставка | E111: 4000 | G111: Туркестан
A112: 104 | B112: 46048 | C112: ТОО AISHA PHARMACY | D112: 11350
A113: 105 | B113: 46048 | C113: Физ лицо Интернет Магазин QR | F113: 19990 | G113: накл 292
A114: 106 | B114: 46048 | C114: ИП ELECTO | D114: 5000 | G114: б/н
A115: 107 | B115: 46049 | C115: Физ лицо Интернет Магазин QR | F115: 1990 | G115: накл 294
A116: 108 | B116: 46049 | C116: ИП ELECTO | D116: 5000 | G116: б/н
A117: 109 | B117: 46050 | C117: ТОО econompharm | D117: 24550 | G117: накл 299
A118: 110 | B118: 46050 | C118: Физ лицо Интернет Магазин QR
A119: 111 | B119: 46050 | C119: Физ лицо Интернет Магазин QR | F119: 6500 | G119: накл 306
...

Sheet Лист16

Sheet Справ.Номенк
A1: Штрих-код | B1: Артикул | C1: Краткое наименование | D1: Полное наименование | E1: Ед. изм. | F1: Код
A2: =IFERROR(__xludf.DUMMYFUNCTION("IMPORTRANGE(""1qptHSRGmBGpZ2a-3Sl03VuQVlQVTlolfenhhSjzQQ7U/edit#gid=490982906"",""Справ.Номенк!A2:H"")"),"ABENA") -> ABENA
A3: =IFERROR(__xludf.DUMMYFUNCTION("""COMPUTED_VALUE"""),5703538923937) -> 5703538923937 | B3: =IFERROR(__xludf.DUMMYFUNCTION("""COMPUTED_VALUE"""),254119) -> 254119 | C3: =IFERROR(__xludf.DUMMYFUNCTION("""COMPUTED_VALUE"""),"Abri-soft Underpads Superdry 60*60 (60 шт)") -> Abri-soft Underpads Superdry 60*60 (60 шт) | D3: =IFERROR(__xludf.DUMMYFUNCTION("""COMPUTED_VALUE"""),"Пеленки для взрослых одноразовые впитывающие Abri-soft Underpads Superdry 60*60 60 штук в упаковке ш/к 5703538923937") -> Пеленки для взрослых одноразовые впитывающие Abri-soft Underpads Superdry 60*60 60 штук в упаковке ш/к 5703538923937 | E3: =IFERROR(__xludf.DUMMYFUNCTION("""COMPUTED_VALUE"""),"шт") -> шт | F3: =IFERROR(__xludf.DUMMYFUNCTION("""COMPUTED_VALUE"""),77000000591) -> 77000000591 | G3: =IFERROR(__xludf.DUMMYFUNCTION("""COMPUTED_VALUE"""),5703538923937) -> 5703538923937
A4: =IFERROR(__xludf.DUMMYFUNCTION("""COMPUTED_VALUE"""),77336) -> 77336 | B4: =IFERROR(__xludf.DUMMYFUNCTION("""COMPUTED_VALUE"""),"254119_ШТ") -> 254119_ШТ | C4: =IFERROR(__xludf.DUMMYFUNCTION("""COMPUTED_VALUE"""),"Abri-soft Underpads Superdry 60*60 поштучно") -> Abri-soft Underpads Superdry 60*60 поштучно | D4: =IFERROR(__xludf.DUMMYFUNCTION("""COMPUTED_VALUE"""),"Пеленки для взрослых одноразовые впитывающие Abri-soft Underpads Superdry 60*60 поштучно") -> Пеленки для взрослых одноразовые впитывающие Abri-soft Underpads Superdry 60*60 поштучно | E4: =IFERROR(__xludf.DUMMYFUNCTION("""COMPUTED_VALUE"""),"шт") -> шт | F4: =IFERROR(__xludf.DUMMYFUNCTION("""COMPUTED_VALUE"""),"AST00000339") -> AST00000339 | G4: =IFERROR(__xludf.DUMMYFUNCTION("""COMPUTED_VALUE"""),77336) -> 77336
A5: =IFERROR(__xludf.DUMMYFUNCTION("""COMPUTED_VALUE"""),5703538924019) -> 5703538924019 | B5: =IFERROR(__xludf.DUMMYFUNCTION("""COMPUTED_VALUE"""),254123) -> 254123 | C5: =IFERROR(__xludf.DUMMYFUNCTION("""COMPUTED_VALUE"""),"Abri-soft Underpads Superdry 60*90 (30 шт)") -> Abri-soft Underpads Superdry 60*90 (30 шт) | D5: =IFERROR(__xludf.DUMMYFUNCTION("""COMPUTED_VALUE"""),"Пеленки для взрослых одноразовые впитывающие Abri-soft Underpads Superdry 60*90 30 штук в упаковке ш/к 5703538924019") -> Пеленки для взрослых одноразовые впитывающие Abri-soft Underpads Superdry 60*90 30 штук в упаковке ш/к 5703538924019 | E5: =IFERROR(__xludf.DUMMYFUNCTION("""COMPUTED_VALUE"""),"шт") -> шт | F5: =IFERROR(__xludf.DUMMYFUNCTION("""COMPUTED_VALUE"""),77000000592) -> 77000000592 | G5: =IFERROR(__xludf.DUMMYFUNCTION("""COMPUTED_VALUE"""),5703538924019) -> 5703538924019
A6: =IFERROR(__xludf.DUMMYFUNCTION("""COMPUTED_VALUE"""),5710811037175) -> 5710811037175 | B6: =IFERROR(__xludf.DUMMYFUNCTION("""COMPUTED_VALUE"""),4107410) -> 4107410 | C6: =IFERROR(__xludf.DUMMYFUNCTION("""COMPUTED_VALUE"""),"Abri-flex М1 Premium (14 шт)") -> Abri-flex М1 Premium (14 шт) | D6: =IFERROR(__xludf.DUMMYFUNCTION("""COMPUTED_VALUE"""),"Подгузники одноразовые для взрослых Abri-flex М1 Premium 14 штук в упаковке ш/к 5710811037175") -> Подгузники одноразовые для взрослых Abri-flex М1 Premium 14 штук в упаковке ш/к 5710811037175 | E6: =IFERROR(__xludf.DUMMYFUNCTION("""COMPUTED_VALUE"""),"шт") -> шт | F6: =IFERROR(__xludf.DUMMYFUNCTION("""COMPUTED_VALUE"""),77000000589) -> 77000000589 | G6: =IFERROR(__xludf.DUMMYFUNCTION("""COMPUTED_VALUE"""),5710811037175) -> 5710811037175
A7: =IFERROR(__xludf.DUMMYFUNCTION("""COMPUTED_VALUE"""),5710811037328) -> 5710811037328 | B7: =IFERROR(__xludf.DUMMYFUNCTION("""COMPUTED_VALUE"""),4107710) -> 4107710 | C7: =IFERROR(__xludf.DUMMYFUNCTION("""COMPUTED_VALUE"""),"Abri-flex L1 Premium (14 шт)") -> Abri-flex L1 Premium (14 шт) | D7: =IFERROR(__xludf.DUMMYFUNCTION("""COMPUTED_VALUE"""),"Подгузники одноразовые для взрослых Abri-flex L1 Premium 14 штук в упаковке ш/к 5710811037328") -> Подгузники одноразовые для взрослых Abri-flex L1 Premium 14 штук в упаковке ш/к 5710811037328 | E7: =IFERROR(__xludf.DUMMYFUNCTION("""COMPUTED_VALUE"""),"шт") -> шт | F7: =IFERROR(__xludf.DUMMYFUNCTION("""COMPUTED_VALUE"""),77000000590) -> 77000000590 | G7: =IFERROR(__xludf.DUMMYFUNCTION("""COMPUTED_VALUE"""),5710811037328) -> 5710811037328
A8: =IFERROR(__xludf.DUMMYFUNCTION("""COMPUTED_VALUE"""),5703538759734) -> 5703538759734 | B8: =IFERROR(__xludf.DUMMYFUNCTION("""COMPUTED_VALUE"""),4305501) -> 4305501 | C8: =IFERROR(__xludf.DUMMYFUNCTION("""COMPUTED_VALUE"""),"Abri-form S2 Premium (28 шт)") -> Abri-form S2 Premium (28 шт) | D8: =IFERROR(__xludf.DUMMYFUNCTION("""COMPUTED_VALUE"""),"Подгузники одноразовые для взрослых Abri-form S2 Premium 28 штук в упаковке ш/к 5703538759734") -> Подгузники одноразовые для взрослых Abri-form S2 Premium 28 штук в упаковке ш/к 5703538759734 | E8: =IFERROR(__xludf.DUMMYFUNCTION("""COMPUTED_VALUE"""),"шт") -> шт | F8: =IFERROR(__xludf.DUMMYFUNCTION("""COMPUTED_VALUE"""),77000000581) -> 77000000581 | G8: =IFERROR(__xludf.DUMMYFUNCTION("""COMPUTED_VALUE"""),5703538759734) -> 5703538759734
A9: =IFERROR(__xludf.DUMMYFUNCTION("""COMPUTED_VALUE"""),77384) -> 77384 | B9: =IFERROR(__xludf.DUMMYFUNCTION("""COMPUTED_VALUE"""),"4305501_ШТ") -> 4305501_ШТ | C9: =IFERROR(__xludf.DUMMYFUNCTION("""COMPUTED_VALUE"""),"Abri-form S2 Premium (1 шт) поштучно") -> Abri-form S2 Premium (1 шт) поштучно | D9: =IFERROR(__xludf.DUMMYFUNCTION("""COMPUTED_VALUE"""),"Подгузники одноразовые для взрослых Abri-form S2 Premium (поштучно)") -> Подгузники одноразовые для взрослых Abri-form S2 Premium (поштучно) | E9: =IFERROR(__xludf.DUMMYFUNCTION("""COMPUTED_VALUE"""),"шт") -> шт | F9: =IFERROR(__xludf.DUMMYFUNCTION("""COMPUTED_VALUE"""),"AST00000369") -> AST00000369 | G9: =IFERROR(__xludf.DUMMYFUNCTION("""COMPUTED_VALUE"""),77384) -> 77384
A10: =IFERROR(__xludf.DUMMYFUNCTION("""COMPUTED_VALUE"""),5703538759536) -> 5703538759536 | B10: =IFERROR(__xludf.DUMMYFUNCTION("""COMPUTED_VALUE"""),4306101) -> 4306101 | C10: =IFERROR(__xludf.DUMMYFUNCTION("""COMPUTED_VALUE"""),"Abri-form М1 Premium (26 шт)") -> Abri-form М1 Premium (26 шт) | D10: =IFERROR(__xludf.DUMMYFUNCTION("""COMPUTED_VALUE"""),"Подгузники одноразовые для взрослых Abri-form М1 Premium 26 штук в упаковке ш/к 5703538759536") -> Подгузники одноразовые для взрослых Abri-form М1 Premium 26 штук в упаковке ш/к 5703538759536 | E10: =IFERROR(__xludf.DUMMYFUNCTION("""COMPUTED_VALUE"""),"шт") -> шт | F10: =IFERROR(__xludf.DUMMYFUNCTION("""COMPUTED_VALUE"""),77000000582) -> 77000000582 | G10: =IFERROR(__xludf.DUMMYFUNCTION("""COMPUTED_VALUE"""),5703538759536) -> 5703538759536
A11: =IFERROR(__xludf.DUMMYFUNCTION("""COMPUTED_VALUE"""),5703538759574) -> 5703538759574 | B11: =IFERROR(__xludf.DUMMYFUNCTION("""COMPUTED_VALUE"""),4306201) -> 4306201 | C11: =IFERROR(__xludf.DUMMYFUNCTION("""COMPUTED_VALUE"""),"Abri-form М3 Premium (22 шт)") -> Abri-form М3 Premium (22 шт) | D11: =IFERROR(__xludf.DUMMYFUNCTION("""COMPUTED_VALUE"""),"Подгузники одноразовые для взрослых Abri-form М3 Premium 22 штук в упаковке ш/к 5703538759574") -> Подгузники одноразовые для взрослых Abri-form М3 Premium 22 штук в упаковке ш/к 5703538759574 | E11: =IFERROR(__xludf.DUMMYFUNCTION("""COMPUTED_VALUE"""),"шт") -> шт | F11: =IFERROR(__xludf.DUMMYFUNCTION("""COMPUTED_VALUE"""),77000000583) -> 77000000583 | G11: =IFERROR(__xludf.DUMMYFUNCTION("""COMPUTED_VALUE"""),5703538759574) -> 5703538759574
A12: =IFERROR(__xludf.DUMMYFUNCTION("""COMPUTED_VALUE"""),5703538759659) -> 5703538759659 | B12: =IFERROR(__xludf.DUMMYFUNCTION("""COMPUTED_VALUE"""),4306601) -> 4306601 | C12: =IFERROR(__xludf.DUMMYFUNCTION("""COMPUTED_VALUE"""),"Abri-form L1 Premium (26 шт)") -> Abri-form L1 Premium (26 шт) | D12: =IFERROR(__xludf.DUMMYFUNCTION("""COMPUTED_VALUE"""),"Подгузники одноразовые для взрослых Abri-form L1 Premium 26 штук в упаковке ш/к 5703538759659") -> Подгузники одноразовые для взрослых Abri-form L1 Premium 26 штук в упаковке ш/к 5703538759659 | E12: =IFERROR(__xludf.DUMMYFUNCTION("""COMPUTED_VALUE"""),"шт") -> шт | F12: =IFERROR(__xludf.DUMMYFUNCTION("""COMPUTED_VALUE"""),77000000584) -> 77000000584 | G12: =IFERROR(__xludf.DUMMYFUNCTION("""COMPUTED_VALUE"""),5703538759659) -> 5703538759659
A13: =IFERROR(__xludf.DUMMYFUNCTION("""COMPUTED_VALUE"""),5703538759819) -> 5703538759819 | B13: =IFERROR(__xludf.DUMMYFUNCTION("""COMPUTED_VALUE"""),4306701) -> 4306701 | C13: =IFERROR(__xludf.DUMMYFUNCTION("""COMPUTED_VALUE"""),"Abri-form L3 Premium (20 шт)") -> Abri-form L3 Premium (20 шт) | D13: =IFERROR(__xludf.DUMMYFUNCTION("""COMPUTED_VALUE"""),"Подгузники одноразовые для взрослых Abri-form L3 Premium 20 штук в упаковке ш/к 5703538759819") -> Подгузники одноразовые для взрослых Abri-form L3 Premium 20 штук в упаковке ш/к 5703538759819 | E13: =IFERROR(__xludf.DUMMYFUNCTION("""COMPUTED_VALUE"""),"шт") -> шт | F13: =IFERROR(__xludf.DUMMYFUNCTION("""COMPUTED_VALUE"""),77000000585) -> 77000000585 | G13: =IFERROR(__xludf.DUMMYFUNCTION("""COMPUTED_VALUE"""),5703538759819) -> 5703538759819
A14: =IFERROR(__xludf.DUMMYFUNCTION("""COMPUTED_VALUE"""),5703538700491) -> 5703538700491 | B14: =IFERROR(__xludf.DUMMYFUNCTION("""COMPUTED_VALUE"""),473505) -> 473505 | C14: =IFERROR(__xludf.DUMMYFUNCTION("""COMPUTED_VALUE"""),"Abri-form L1 Premium (10 шт)") -> Abri-form L1 Premium (10 шт) | D14: =IFERROR(__xludf.DUMMYFUNCTION("""COMPUTED_VALUE"""),"Подгузники одноразовые для взрослых Abri-form L1 Premium (10 штук в упаковке) ш/к 5703538700491") -> Подгузники одноразовые для взрослых Abri-form L1 Premium (10 штук в упаковке) ш/к 5703538700491 | E14: =IFERROR(__xludf.DUMMYFUNCTION("""COMPUTED_VALUE"""),"шт") -> шт | F14: =IFERROR(__xludf.DUMMYFUNCTION("""COMPUTED_VALUE"""),77000000586) -> 77000000586 | G14: =IFERROR(__xludf.DUMMYFUNCTION("""COMPUTED_VALUE"""),5703538700491) -> 5703538700491 | H14: =IFERROR(__xludf.DUMMYFUNCTION("""COMPUTED_VALUE"""),"M/L") -> M/L
A15: =IFERROR(__xludf.DUMMYFUNCTION("""COMPUTED_VALUE"""),5703538700453) -> 5703538700453 | B15: =IFERROR(__xludf.DUMMYFUNCTION("""COMPUTED_VALUE"""),474005) -> 474005 | C15: =IFERROR(__xludf.DUMMYFUNCTION("""COMPUTED_VALUE"""),"Abri-form М2 Premium (10 шт)") -> Abri-form М2 Premium (10 шт) | D15: =IFERROR(__xludf.DUMMYFUNCTION("""COMPUTED_VALUE"""),"Подгузники одноразовые для взрослых Abri-form М2 Premium (10 штук в упаковке) ш/к 5703538700453") -> Подгузники одноразовые для взрослых Abri-form М2 Premium (10 штук в упаковке) ш/к 5703538700453 | E15: =IFERROR(__xludf.DUMMYFUNCTION("""COMPUTED_VALUE"""),"шт") -> шт | F15: =IFERROR(__xludf.DUMMYFUNCTION("""COMPUTED_VALUE"""),77000000587) -> 77000000587 | G15: =IFERROR(__xludf.DUMMYFUNCTION("""COMPUTED_VALUE"""),5703538700453) -> 5703538700453 | H15: =IFERROR(__xludf.DUMMYFUNCTION("""COMPUTED_VALUE"""),"XL/XXL") -> XL/XXL
A16: =IFERROR(__xludf.DUMMYFUNCTION("""COMPUTED_VALUE"""),5703538700538) -> 5703538700538 | B16: =IFERROR(__xludf.DUMMYFUNCTION("""COMPUTED_VALUE"""),474505) -> 474505 | C16: =IFERROR(__xludf.DUMMYFUNCTION("""COMPUTED_VALUE"""),"Abri-form L2 Premium (10 шт)") -> Abri-form L2 Premium (10 шт) | D16: =IFERROR(__xludf.DUMMYFUNCTION("""COMPUTED_VALUE"""),"Подгузники одноразовые для взрослых Abri-form L2 Premium (10 штук в упаковке) ш/к 5703538700538") -> Подгузники одноразовые для взрослых Abri-form L2 Premium (10 штук в упаковке) ш/к 5703538700538 | E16: =IFERROR(__xludf.DUMMYFUNCTION("""COMPUTED_VALUE"""),"шт") -> шт | F16: =IFERROR(__xludf.DUMMYFUNCTION("""COMPUTED_VALUE"""),77000000588) -> 77000000588 | G16: =IFERROR(__xludf.DUMMYFUNCTION("""COMPUTED_VALUE"""),5703538700538) -> 5703538700538 | H16: =IFERROR(__xludf.DUMMYFUNCTION("""COMPUTED_VALUE"""),"XS/S") -> XS/S
A17: =IFERROR(__xludf.DUMMYFUNCTION("""COMPUTED_VALUE"""),77375) -> 77375 | B17: =IFERROR(__xludf.DUMMYFUNCTION("""COMPUTED_VALUE"""),"474505_ШТ") -> 474505_ШТ | C17: =IFERROR(__xludf.DUMMYFUNCTION("""COMPUTED_VALUE"""),"Abri-form L2 Premium (1 шт) поштучно") -> Abri-form L2 Premium (1 шт) поштучно | D17: =IFERROR(__xludf.DUMMYFUNCTION("""COMPUTED_VALUE"""),"Подгузники одноразовые для взрослых Abri-form L2 Premium (поштучно)") -> Подгузники одноразовые для взрослых Abri-form L2 Premium (поштучно) | E17: =IFERROR(__xludf.DUMMYFUNCTION("""COMPUTED_VALUE"""),"шт") -> шт | F17: =IFERROR(__xludf.DUMMYFUNCTION("""COMPUTED_VALUE"""),"AST00000345") -> AST00000345 | G17: =IFERROR(__xludf.DUMMYFUNCTION("""COMPUTED_VALUE"""),77375) -> 77375 | H17: =IFERROR(__xludf.DUMMYFUNCTION("""COMPUTED_VALUE"""),"L") -> L
A18: =IFERROR(__xludf.DUMMYFUNCTION("""COMPUTED_VALUE"""),"Dr.Frei Гигеническая маска") -> Dr.Frei Гигеническая маска | H18: =IFERROR(__xludf.DUMMYFUNCTION("""COMPUTED_VALUE"""),"S") -> S
A19: =IFERROR(__xludf.DUMMYFUNCTION("""COMPUTED_VALUE"""),3800232484541) -> 3800232484541 | B19: =IFERROR(__xludf.DUMMYFUNCTION("""COMPUTED_VALUE"""),"0300338 L/X бежевый") -> 0300338 L/X бежевый | C19: =IFERROR(__xludf.DUMMYFUNCTION("""COMPUTED_VALUE"""),"М 0201 L/XL/M Гигиеническая маска, бежевая") -> М 0201 L/XL/M Гигиеническая маска, бежевая | D19: =IFERROR(__xludf.DUMMYFUNCTION("""COMPUTED_VALUE"""),"М 0201 L/XL/M Гигиеническая маска, бежевая ш/к 3800232484541") -> М 0201 L/XL/M Гигиеническая маска, бежевая ш/к 3800232484541 | E19: =IFERROR(__xludf.DUMMYFUNCTION("""COMPUTED_VALUE"""),"шт") -> шт | F19: =IFERROR(__xludf.DUMMYFUNCTION("""COMPUTED_VALUE"""),"AST00000613") -> AST00000613 | G19: =IFERROR(__xludf.DUMMYFUNCTION("""COMPUTED_VALUE"""),3800232484541) -> 3800232484541 | H19: =IFERROR(__xludf.DUMMYFUNCTION("""COMPUTED_VALUE"""),"XL") -> XL
A20: =IFERROR(__xludf.DUMMYFUNCTION("""COMPUTED_VALUE"""),3800232484534) -> 3800232484534 | B20: =IFERROR(__xludf.DUMMYFUNCTION("""COMPUTED_VALUE"""),"0300338 XS/M бежевый") -> 0300338 XS/M бежевый | C20: =IFERROR(__xludf.DUMMYFUNCTION("""COMPUTED_VALUE"""),"М 0201 XS/M Гигиеническая маска, бежевая") -> М 0201 XS/M Гигиеническая маска, бежевая | D20: =IFERROR(__xludf.DUMMYFUNCTION("""COMPUTED_VALUE"""),"М 0201 XS/M Гигиеническая маска, бежевая ш/к 3800232484534") -> М 0201 XS/M Гигиеническая маска, бежевая ш/к 3800232484534 | E20: =IFERROR(__xludf.DUMMYFUNCTION("""COMPUTED_VALUE"""),"шт") -> шт | F20: =IFERROR(__xludf.DUMMYFUNCTION("""COMPUTED_VALUE"""),"AST00000612") -> AST00000612 | G20: =IFERROR(__xludf.DUMMYFUNCTION("""COMPUTED_VALUE"""),3800232484534) -> 3800232484534 | H20: =IFERROR(__xludf.DUMMYFUNCTION("""COMPUTED_VALUE"""),"XXL") -> XXL
A21: =IFERROR(__xludf.DUMMYFUNCTION("""COMPUTED_VALUE"""),3800232484657) -> 3800232484657 | B21: =IFERROR(__xludf.DUMMYFUNCTION("""COMPUTED_VALUE"""),"0300339 L/XL черный") -> 0300339 L/XL черный | C21: =IFERROR(__xludf.DUMMYFUNCTION("""COMPUTED_VALUE"""),"М 0201 L/XL Гигеническая маска, черная") -> М 0201 L/XL Гигеническая маска, черная | D21: =IFERROR(__xludf.DUMMYFUNCTION("""COMPUTED_VALUE"""),"М 0201 L/XL Гигеническая маска, черная ш/к 3800232484657") -> М 0201 L/XL Гигеническая маска, черная ш/к 3800232484657 | E21: =IFERROR(__xludf.DUMMYFUNCTION("""COMPUTED_VALUE"""),"шт") -> шт | F21: =IFERROR(__xludf.DUMMYFUNCTION("""COMPUTED_VALUE"""),"AST00000611") -> AST00000611 | G21: =IFERROR(__xludf.DUMMYFUNCTION("""COMPUTED_VALUE"""),3800232484657) -> 3800232484657 | H21: =IFERROR(__xludf.DUMMYFUNCTION("""COMPUTED_VALUE"""),"XXXL") -> XXXL
A22: =IFERROR(__xludf.DUMMYFUNCTION("""COMPUTED_VALUE"""),3800232484640) -> 3800232484640 | B22: =IFERROR(__xludf.DUMMYFUNCTION("""COMPUTED_VALUE"""),"0300339 XS/M черный") -> 0300339 XS/M черный | C22: =IFERROR(__xludf.DUMMYFUNCTION("""COMPUTED_VALUE"""),"М 0201 XS/M Гигеническая маска, черная") -> М 0201 XS/M Гигеническая маска, черная | D22: =IFERROR(__xludf.DUMMYFUNCTION("""COMPUTED_VALUE"""),"М 0201 XS/M Гигеническая маска, черная ш/к 3800232484640") -> М 0201 XS/M Гигеническая маска, черная ш/к 3800232484640 | E22: =IFERROR(__xludf.DUMMYFUNCTION("""COMPUTED_VALUE"""),"шт") -> шт | F22: =IFERROR(__xludf.DUMMYFUNCTION("""COMPUTED_VALUE"""),"AST00000610") -> AST00000610 | G22: =IFERROR(__xludf.DUMMYFUNCTION("""COMPUTED_VALUE"""),3800232484640) -> 3800232484640 | H22: =IFERROR(__xludf.DUMMYFUNCTION("""COMPUTED_VALUE"""),"M") -> M
A23: =IFERROR(__xludf.DUMMYFUNCTION("""COMPUTED_VALUE"""),"Dr.Frei Медицинские пластыри") -> Dr.Frei Медицинские пластыри | H23: =IFERROR(__xludf.DUMMYFUNCTION("""COMPUTED_VALUE"""),"L") -> L
A24: =IFERROR(__xludf.DUMMYFUNCTION("""COMPUTED_VALUE"""),7640162323123) -> 7640162323123 | B24: =IFERROR(__xludf.DUMMYFUNCTION("""COMPUTED_VALUE"""),"КПНТО №20") -> КПНТО №20 | C24: =IFERROR(__xludf.DUMMYFUNCTION("""COMPUTED_VALUE"""),"КОМПЛЕКТ ПЛАСТЫРЕЙ НА ТКАНЕВОЙ ОСНОВЕ №20") -> КОМПЛЕКТ ПЛАСТЫРЕЙ НА ТКАНЕВОЙ ОСНОВЕ №20 | D24: =IFERROR(__xludf.DUMMYFUNCTION("""COMPUTED_VALUE"""),"КОМПЛЕКТ ПЛАСТЫРЕЙ НА ТКАНЕВОЙ ОСНОВЕ ТМ Dr.Frei №20 / ш/к 7640162323123") -> КОМПЛЕКТ ПЛАСТЫРЕЙ НА ТКАНЕВОЙ ОСНОВЕ ТМ Dr.Frei №20 / ш/к 7640162323123 | E24: =IFERROR(__xludf.DUMMYFUNCTION("""COMPUTED_VALUE"""),"шт") -> шт | F24: =IFERROR(__xludf.DUMMYFUNCTION("""COMPUTED_VALUE"""),"AST00000619") -> AST00000619 | G24: =IFERROR(__xludf.DUMMYFUNCTION("""COMPUTED_VALUE"""),7640162323123) -> 7640162323123 | H24: =IFERROR(__xludf.DUMMYFUNCTION("""COMPUTED_VALUE"""),"L") -> L
A25: =IFERROR(__xludf.DUMMYFUNCTION("""COMPUTED_VALUE"""),7640162323178) -> 7640162323178 | B25: =IFERROR(__xludf.DUMMYFUNCTION("""COMPUTED_VALUE"""),"МНП №10 19х72mm НЕТКАНЫЙ") -> МНП №10 19х72mm НЕТКАНЫЙ | C25: =IFERROR(__xludf.DUMMYFUNCTION("""COMPUTED_VALUE"""),"МЕДИЦИНСКИЙ НЕТКАНЫЙ ПЛАСТЫРЬ (19mm х 72mm) №10") -> МЕДИЦИНСКИЙ НЕТКАНЫЙ ПЛАСТЫРЬ (19mm х 72mm) №10 | D25: =IFERROR(__xludf.DUMMYFUNCTION("""COMPUTED_VALUE"""),"МЕДИЦИНСКИЙ НЕТКАНЫЙ ПЛАСТЫРЬ «TM Dr.Frei» №10, (19mm х 72mm) /ш/к 7640162323178") -> МЕДИЦИНСКИЙ НЕТКАНЫЙ ПЛАСТЫРЬ «TM Dr.Frei» №10, (19mm х 72mm) /ш/к 7640162323178 | E25: =IFERROR(__xludf.DUMMYFUNCTION("""COMPUTED_VALUE"""),"шт") -> шт | F25: =IFERROR(__xludf.DUMMYFUNCTION("""COMPUTED_VALUE"""),"AST00000616") -> AST00000616 | G25: =IFERROR(__xludf.DUMMYFUNCTION("""COMPUTED_VALUE"""),7640162323178) -> 7640162323178 | H25: =IFERROR(__xludf.DUMMYFUNCTION("""COMPUTED_VALUE"""),"M") -> M
A26: =IFERROR(__xludf.DUMMYFUNCTION("""COMPUTED_VALUE"""),7640162323185) -> 7640162323185 | B26: =IFERROR(__xludf.DUMMYFUNCTION("""COMPUTED_VALUE"""),"МНП №100 19х72mm НЕТКАНЫЙ") -> МНП №100 19х72mm НЕТКАНЫЙ | C26: =IFERROR(__xludf.DUMMYFUNCTION("""COMPUTED_VALUE"""),"МЕДИЦИНСКИЙ НЕТКАНЫЙ ПЛАСТЫРЬ (19mm х 72mm) №100") -> МЕДИЦИНСКИЙ НЕТКАНЫЙ ПЛАСТЫРЬ (19mm х 72mm) №100 | D26: =IFERROR(__xludf.DUMMYFUNCTION("""COMPUTED_VALUE"""),"МЕДИЦИНСКИЙ НЕТКАНЫЙ ПЛАСТЫРЬ «TM Dr.Frei» №100, (19mm х 72mm) /ш/к 7640162323185") -> МЕДИЦИНСКИЙ НЕТКАНЫЙ ПЛАСТЫРЬ «TM Dr.Frei» №100, (19mm х 72mm) /ш/к 7640162323185 | E26: =IFERROR(__xludf.DUMMYFUNCTION("""COMPUTED_VALUE"""),"шт") -> шт | F26: =IFERROR(__xludf.DUMMYFUNCTION("""COMPUTED_VALUE"""),"AST00000617") -> AST00000617 | G26: =IFERROR(__xludf.DUMMYFUNCTION("""COMPUTED_VALUE"""),7640162323185) -> 7640162323185 | H26: =IFERROR(__xludf.DUMMYFUNCTION("""COMPUTED_VALUE"""),"M") -> M
A27: =IFERROR(__xludf.DUMMYFUNCTION("""COMPUTED_VALUE"""),7640162323215) -> 7640162323215 | B27: =IFERROR(__xludf.DUMMYFUNCTION("""COMPUTED_VALUE"""),"МНПВР 5m x 1,25cm НЕТКАНЫ") -> МНПВР 5m x 1,25cm НЕТКАНЫ | C27: =IFERROR(__xludf.DUMMYFUNCTION("""COMPUTED_VALUE"""),"МЕДИЦИНСКИЙ НЕТКАНЫЙ ПЛАСТЫРЬ В РУЛОНЕ (5 м x 1,25cm)") -> МЕДИЦИНСКИЙ НЕТКАНЫЙ ПЛАСТЫРЬ В РУЛОНЕ (5 м x 1,25cm) | D27: =IFERROR(__xludf.DUMMYFUNCTION("""COMPUTED_VALUE"""),"МЕДИЦИНСКИЙ НЕТКАНЫЙ ПЛАСТЫРЬ В РУЛОНЕ «ТМ Dr.Frei» (5 м x 1,25см) / ш/к 7640162323215") -> МЕДИЦИНСКИЙ НЕТКАНЫЙ ПЛАСТЫРЬ В РУЛОНЕ «ТМ Dr.Frei» (5 м x 1,25см) / ш/к 7640162323215 | E27: =IFERROR(__xludf.DUMMYFUNCTION("""COMPUTED_VALUE"""),"шт") -> шт | F27: =IFERROR(__xludf.DUMMYFUNCTION("""COMPUTED_VALUE"""),"AST00000624") -> AST00000624 | G27: =IFERROR(__xludf.DUMMYFUNCTION("""COMPUTED_VALUE"""),7640162323215) -> 7640162323215 | H27: =IFERROR(__xludf.DUMMYFUNCTION("""COMPUTED_VALUE"""),"S") -> S
A28: =IFERROR(__xludf.DUMMYFUNCTION("""COMPUTED_VALUE"""),7640162323222) -> 7640162323222 | B28: =IFERROR(__xludf.DUMMYFUNCTION("""COMPUTED_VALUE"""),"МНПВР 5m x 2,5cm НЕТКАНЫЙ") -> МНПВР 5m x 2,5cm НЕТКАНЫЙ | C28: =IFERROR(__xludf.DUMMYFUNCTION("""COMPUTED_VALUE"""),"МЕДИЦИНСКИЙ НЕТКАНЫЙ ПЛАСТЫРЬ В РУЛОНЕ (5 м x 2,5cm)") -> МЕДИЦИНСКИЙ НЕТКАНЫЙ ПЛАСТЫРЬ В РУЛОНЕ (5 м x 2,5cm) | D28: =IFERROR(__xludf.DUMMYFUNCTION("""COMPUTED_VALUE"""),"МЕДИЦИНСКИЙ НЕТКАНЫЙ ПЛАСТЫРЬ В РУЛОНЕ «ТМ Dr.Frei» (5 м x 2,5см) / ш/к 7640162323222") -> МЕДИЦИНСКИЙ НЕТКАНЫЙ ПЛАСТЫРЬ В РУЛОНЕ «ТМ Dr.Frei» (5 м x 2,5см) / ш/к 7640162323222 | E28: =IFERROR(__xludf.DUMMYFUNCTION("""COMPUTED_VALUE"""),"шт") -> шт | F28: =IFERROR(__xludf.DUMMYFUNCTION("""COMPUTED_VALUE"""),"AST00000625") -> AST00000625 | G28: =IFERROR(__xludf.DUMMYFUNCTION("""COMPUTED_VALUE"""),7640162323222) -> 7640162323222 | H28: =IFERROR(__xludf.DUMMYFUNCTION("""COMPUTED_VALUE"""),"S") -> S
A29: =IFERROR(__xludf.DUMMYFUNCTION("""COMPUTED_VALUE"""),7640162323116) -> 7640162323116 | B29: =IFERROR(__xludf.DUMMYFUNCTION("""COMPUTED_VALUE"""),"МП №4") -> МП №4 | C29: =IFERROR(__xludf.DUMMYFUNCTION("""COMPUTED_VALUE"""),"МОЗОЛЬНЫЙ ПЛАСТЫРЬ (19mm х 72mm) №4") -> МОЗОЛЬНЫЙ ПЛАСТЫРЬ (19mm х 72mm) №4 | D29: =IFERROR(__xludf.DUMMYFUNCTION("""COMPUTED_VALUE"""),"МОЗОЛЬНЫЙ ПЛАСТЫРЬ ТМ Dr.Frei /ш/к 7640162323116") -> МОЗОЛЬНЫЙ ПЛАСТЫРЬ ТМ Dr.Frei /ш/к 7640162323116 | E29: =IFERROR(__xludf.DUMMYFUNCTION("""COMPUTED_VALUE"""),"шт") -> шт | F29: =IFERROR(__xludf.DUMMYFUNCTION("""COMPUTED_VALUE"""),"AST00000621") -> AST00000621 | G29: =IFERROR(__xludf.DUMMYFUNCTION("""COMPUTED_VALUE"""),7640162323116) -> 7640162323116 | H29: =IFERROR(__xludf.DUMMYFUNCTION("""COMPUTED_VALUE"""),"XL") -> XL
A30: =IFERROR(__xludf.DUMMYFUNCTION("""COMPUTED_VALUE"""),7640162323147) -> 7640162323147 | B30: =IFERROR(__xludf.DUMMYFUNCTION("""COMPUTED_VALUE"""),"МПННО №10 10х6сm НЕТКАНЫЙ") -> МПННО №10 10х6сm НЕТКАНЫЙ | C30: =IFERROR(__xludf.DUMMYFUNCTION("""COMPUTED_VALUE"""),"МЕДИЦИНСКИЙ ПЛАСТЫРЬ НА НЕТКАНОЙ ОСНОВЕ (10сm х 6сm) №10") -> МЕДИЦИНСКИЙ ПЛАСТЫРЬ НА НЕТКАНОЙ ОСНОВЕ (10сm х 6сm) №10 | D30: =IFERROR(__xludf.DUMMYFUNCTION("""COMPUTED_VALUE"""),"МЕДИЦИНСКИЙ ПЛАСТЫРЬ НА НЕТКАНОЙ ОСНОВЕ ТМ Dr.Frei №10 /ш/к 7640162323147") -> МЕДИЦИНСКИЙ ПЛАСТЫРЬ НА НЕТКАНОЙ ОСНОВЕ ТМ Dr.Frei №10 /ш/к 7640162323147 | E30: =IFERROR(__xludf.DUMMYFUNCTION("""COMPUTED_VALUE"""),"шт") -> шт | F30: =IFERROR(__xludf.DUMMYFUNCTION("""COMPUTED_VALUE"""),"AST00000618") -> AST00000618 | G30: =IFERROR(__xludf.DUMMYFUNCTION("""COMPUTED_VALUE"""),7640162323147) -> 7640162323147 | H30: =IFERROR(__xludf.DUMMYFUNCTION("""COMPUTED_VALUE"""),"XL") -> XL
A31: =IFERROR(__xludf.DUMMYFUNCTION("""COMPUTED_VALUE"""),7640162323154) -> 7640162323154 | B31: =IFERROR(__xludf.DUMMYFUNCTION("""COMPUTED_VALUE"""),"МПНТО №10 19х72mm ТКАНЕВЫ") -> МПНТО №10 19х72mm ТКАНЕВЫ | C31: =IFERROR(__xludf.DUMMYFUNCTION("""COMPUTED_VALUE"""),"МЕДИЦИНСКИЙ ПЛАСТЫРЬ НА ТКАНЕВОЙ ОСНОВЕ (19mm х 72mm) №10") -> МЕДИЦИНСКИЙ ПЛАСТЫРЬ НА ТКАНЕВОЙ ОСНОВЕ (19mm х 72mm) №10 | D31: =IFERROR(__xludf.DUMMYFUNCTION("""COMPUTED_VALUE"""),"МЕДИЦИНСКИЙ ПЛАСТЫРЬ НА ТКАНЕВОЙ ОСНОВЕ «ТМ Dr.Frei» №10 (19mm х 72mm) / ш/к 7640162323154") -> МЕДИЦИНСКИЙ ПЛАСТЫРЬ НА ТКАНЕВОЙ ОСНОВЕ «ТМ Dr.Frei» №10 (19mm х 72mm) / ш/к 7640162323154 | E31: =IFERROR(__xludf.DUMMYFUNCTION("""COMPUTED_VALUE"""),"шт") -> шт | F31: =IFERROR(__xludf.DUMMYFUNCTION("""COMPUTED_VALUE"""),"AST00000614") -> AST00000614 | G31: =IFERROR(__xludf.DUMMYFUNCTION("""COMPUTED_VALUE"""),7640162323154) -> 7640162323154 | H31: =IFERROR(__xludf.DUMMYFUNCTION("""COMPUTED_VALUE"""),"L") -> L
A32: =IFERROR(__xludf.DUMMYFUNCTION("""COMPUTED_VALUE"""),7640162323161) -> 7640162323161 | B32: =IFERROR(__xludf.DUMMYFUNCTION("""COMPUTED_VALUE"""),"МПНТО №100 19х72mm ТКАНЕВ") -> МПНТО №100 19х72mm ТКАНЕВ | C32: =IFERROR(__xludf.DUMMYFUNCTION("""COMPUTED_VALUE"""),"МЕДИЦИНСКИЙ ПЛАСТЫРЬ НА ТКАНЕВОЙ ОСНОВЕ (19mm х 72mm) №100") -> МЕДИЦИНСКИЙ ПЛАСТЫРЬ НА ТКАНЕВОЙ ОСНОВЕ (19mm х 72mm) №100 | D32: =IFERROR(__xludf.DUMMYFUNCTION("""COMPUTED_VALUE"""),"МЕДИЦИНСКИЙ ПЛАСТЫРЬ НА ТКАНЕВОЙ ОСНОВЕ «ТМ Dr.Frei» №100 (19mm х 72mm) /ш/к 7640162323161") -> МЕДИЦИНСКИЙ ПЛАСТЫРЬ НА ТКАНЕВОЙ ОСНОВЕ «ТМ Dr.Frei» №100 (19mm х 72mm) /ш/к 7640162323161 | E32: =IFERROR(__xludf.DUMMYFUNCTION("""COMPUTED_VALUE"""),"шт") -> шт | F32: =IFERROR(__xludf.DUMMYFUNCTION("""COMPUTED_VALUE"""),"AST00000615") -> AST00000615 | G32: =IFERROR(__xludf.DUMMYFUNCTION("""COMPUTED_VALUE"""),7640162323161) -> 7640162323161 | H32: =IFERROR(__xludf.DUMMYFUNCTION("""COMPUTED_VALUE"""),"M") -> M
A33: =IFERROR(__xludf.DUMMYFUNCTION("""COMPUTED_VALUE"""),7640162323192) -> 7640162323192 | B33: =IFERROR(__xludf.DUMMYFUNCTION("""COMPUTED_VALUE"""),"МХБПВР 5m x 1,25cm ТКАНЕВ") -> МХБПВР 5m x 1,25cm ТКАНЕВ | C33: =IFERROR(__xludf.DUMMYFUNCTION("""COMPUTED_VALUE"""),"МЕДИЦИНСКИЙ ХЛОПЧАТОБУМАЖНЫЙ ПЛАСТЫРЬ В РУЛОНЕ (5m x 1,25cm)") -> МЕДИЦИНСКИЙ ХЛОПЧАТОБУМАЖНЫЙ ПЛАСТЫРЬ В РУЛОНЕ (5m x 1,25cm) | D33: =IFERROR(__xludf.DUMMYFUNCTION("""COMPUTED_VALUE"""),"МЕДИЦИНСКИЙ ХЛОПЧАТОБУМАЖНЫЙ ПЛАСТЫРЬ В РУЛОНЕ ТМ Dr.Frei (5m x 1,25cm) / ш/к 7640162323192") -> МЕДИЦИНСКИЙ ХЛОПЧАТОБУМАЖНЫЙ ПЛАСТЫРЬ В РУЛОНЕ ТМ Dr.Frei (5m x 1,25cm) / ш/к 7640162323192 | E33: =IFERROR(__xludf.DUMMYFUNCTION("""COMPUTED_VALUE"""),"шт") -> шт | F33: =IFERROR(__xludf.DUMMYFUNCTION("""COMPUTED_VALUE"""),"AST00000622") -> AST00000622 | G33: =IFERROR(__xludf.DUMMYFUNCTION("""COMPUTED_VALUE"""),7640162323192) -> 7640162323192 | H33: =IFERROR(__xludf.DUMMYFUNCTION("""COMPUTED_VALUE"""),"S") -> S
A34: =IFERROR(__xludf.DUMMYFUNCTION("""COMPUTED_VALUE"""),7640162323208) -> 7640162323208 | B34: =IFERROR(__xludf.DUMMYFUNCTION("""COMPUTED_VALUE"""),"МХБПВР 5m x 2,5cm ТКАНЕВЫ") -> МХБПВР 5m x 2,5cm ТКАНЕВЫ | C34: =IFERROR(__xludf.DUMMYFUNCTION("""COMPUTED_VALUE"""),"МЕДИЦИНСКИЙ ХЛОПЧАТОБУМАЖНЫЙ ПЛАСТЫРЬ В РУЛОНЕ (5m x 2,5cm)") -> МЕДИЦИНСКИЙ ХЛОПЧАТОБУМАЖНЫЙ ПЛАСТЫРЬ В РУЛОНЕ (5m x 2,5cm) | D34: =IFERROR(__xludf.DUMMYFUNCTION("""COMPUTED_VALUE"""),"МЕДИЦИНСКИЙ ХЛОПЧАТОБУМАЖНЫЙ ПЛАСТЫРЬ В РУЛОНЕ ТМ Dr.Frei (5m x 2,5cm) / ш/к 7640162323208") -> МЕДИЦИНСКИЙ ХЛОПЧАТОБУМАЖНЫЙ ПЛАСТЫРЬ В РУЛОНЕ ТМ Dr.Frei (5m x 2,5cm) / ш/к 7640162323208 | E34: =IFERROR(__xludf.DUMMYFUNCTION("""COMPUTED_VALUE"""),"шт") -> шт | F34: =IFERROR(__xludf.DUMMYFUNCTION("""COMPUTED_VALUE"""),"AST00000623") -> AST00000623 | G34: =IFERROR(__xludf.DUMMYFUNCTION("""COMPUTED_VALUE"""),7640162323208) -> 7640162323208 | H34: =IFERROR(__xludf.DUMMYFUNCTION("""COMPUTED_VALUE"""),"XL") -> XL
A35: =IFERROR(__xludf.DUMMYFUNCTION("""COMPUTED_VALUE"""),7640162323130) -> 7640162323130 | B35: =IFERROR(__xludf.DUMMYFUNCTION("""COMPUTED_VALUE"""),"ПДД №20") -> ПДД №20 | C35: =IFERROR(__xludf.DUMMYFUNCTION("""COMPUTED_VALUE"""),"ПЛАСТЫРИ ДЛЯ ДЕТЕЙ (19mm х 72mm) №20") -> ПЛАСТЫРИ ДЛЯ ДЕТЕЙ (19mm х 72mm) №20 | D35: =IFERROR(__xludf.DUMMYFUNCTION("""COMPUTED_VALUE"""),"ПЛАСТЫРИ ДЛЯ ДЕТЕЙ «ТМ Dr.Frei» №20 /ш/к 7640162323130") -> ПЛАСТЫРИ ДЛЯ ДЕТЕЙ «ТМ Dr.Frei» №20 /ш/к 7640162323130 | E35: =IFERROR(__xludf.DUMMYFUNCTION("""COMPUTED_VALUE"""),"шт") -> шт | F35: =IFERROR(__xludf.DUMMYFUNCTION("""COMPUTED_VALUE"""),"AST00000620") -> AST00000620 | G35: =IFERROR(__xludf.DUMMYFUNCTION("""COMPUTED_VALUE"""),7640162323130) -> 7640162323130 | H35: =IFERROR(__xludf.DUMMYFUNCTION("""COMPUTED_VALUE"""),"XXL") -> XXL
A36: =IFERROR(__xludf.DUMMYFUNCTION("""COMPUTED_VALUE"""),"Hometest") -> Hometest | H36: =IFERROR(__xludf.DUMMYFUNCTION("""COMPUTED_VALUE"""),"XXXL") -> XXXL
A37: =IFERROR(__xludf.DUMMYFUNCTION("""COMPUTED_VALUE"""),6941298300042) -> 6941298300042 | B37: =IFERROR(__xludf.DUMMYFUNCTION("""COMPUTED_VALUE"""),"HCG110/3№1") -> HCG110/3№1 | C37: =IFERROR(__xludf.DUMMYFUNCTION("""COMPUTED_VALUE"""),"Экспресс-Тест (полоска) на беременность 3 мм №1") -> Экспресс-Тест (полоска) на беременность 3 мм №1 | D37: =IFERROR(__xludf.DUMMYFUNCTION("""COMPUTED_VALUE"""),"Экспресс-тест (полоска) на беременность 3мм. №1 ш/к 6941298300042") -> Экспресс-тест (полоска) на беременность 3мм. №1 ш/к 6941298300042 | E37: =IFERROR(__xludf.DUMMYFUNCTION("""COMPUTED_VALUE"""),"упак.") -> упак. | F37: =IFERROR(__xludf.DUMMYFUNCTION("""COMPUTED_VALUE"""),"ТСН00003") -> ТСН00003 | G37: =IFERROR(__xludf.DUMMYFUNCTION("""COMPUTED_VALUE"""),6941298300042) -> 6941298300042 | H37: =IFERROR(__xludf.DUMMYFUNCTION("""COMPUTED_VALUE"""),"XXXXL") -> XXXXL
A38: =IFERROR(__xludf.DUMMYFUNCTION("""COMPUTED_VALUE"""),6941298300059) -> 6941298300059 | B38: =IFERROR(__xludf.DUMMYFUNCTION("""COMPUTED_VALUE"""),"HCG110/3№2") -> HCG110/3№2 | C38: =IFERROR(__xludf.DUMMYFUNCTION("""COMPUTED_VALUE"""),"Экспресс-Тест (полоска) на беременность 3 мм №2 ПДВ") -> Экспресс-Тест (полоска) на беременность 3 мм №2 ПДВ | D38: =IFERROR(__xludf.DUMMYFUNCTION("""COMPUTED_VALUE"""),"Экспресс-тест (полоска) на беременность 3мм. №2 ш/к 6941298300059") -> Экспресс-тест (полоска) на беременность 3мм. №2 ш/к 6941298300059 | E38: =IFERROR(__xludf.DUMMYFUNCTION("""COMPUTED_VALUE"""),"упак.") -> упак. | F38: =IFERROR(__xludf.DUMMYFUNCTION("""COMPUTED_VALUE"""),"ТСН00004") -> ТСН00004 | G38: =IFERROR(__xludf.DUMMYFUNCTION("""COMPUTED_VALUE"""),6941298300059) -> 6941298300059 | H38: =IFERROR(__xludf.DUMMYFUNCTION("""COMPUTED_VALUE"""),"L") -> L
A39: =IFERROR(__xludf.DUMMYFUNCTION("""COMPUTED_VALUE"""),6941298300035) -> 6941298300035 | B39: =IFERROR(__xludf.DUMMYFUNCTION("""COMPUTED_VALUE"""),"HCG112") -> HCG112 | C39: =IFERROR(__xludf.DUMMYFUNCTION("""COMPUTED_VALUE"""),"Экспресс-Тест (струйный) на беременность") -> Экспресс-Тест (струйный) на беременность | D39: =IFERROR(__xludf.DUMMYFUNCTION("""COMPUTED_VALUE"""),"Экспресс-тест (струйный) на беременность ш/к 6941298300035") -> Экспресс-тест (струйный) на беременность ш/к 6941298300035 | E39: =IFERROR(__xludf.DUMMYFUNCTION("""COMPUTED_VALUE"""),"упак.") -> упак. | F39: =IFERROR(__xludf.DUMMYFUNCTION("""COMPUTED_VALUE"""),"ТСН00007") -> ТСН00007 | G39: =IFERROR(__xludf.DUMMYFUNCTION("""COMPUTED_VALUE"""),6941298300035) -> 6941298300035 | H39: =IFERROR(__xludf.DUMMYFUNCTION("""COMPUTED_VALUE"""),"M") -> M
A40: =IFERROR(__xludf.DUMMYFUNCTION("""COMPUTED_VALUE"""),77173) -> 77173 | B40: =IFERROR(__xludf.DUMMYFUNCTION("""COMPUTED_VALUE"""),"HomeTest№1 Акция") -> HomeTest№1 Акция | C40: =IFERROR(__xludf.DUMMYFUNCTION("""COMPUTED_VALUE"""),"HomeTest №1 Акция по 1тг") -> HomeTest №1 Акция по 1тг | D40: =IFERROR(__xludf.DUMMYFUNCTION("""COMPUTED_VALUE"""),"Экспресс-тест HomeTest (полоска) для ранней диагностики беременности 3мм №1 ш/к 6941298300042 Акция по 1тг") -> Экспресс-тест HomeTest (полоска) для ранней диагностики беременности 3мм №1 ш/к 6941298300042 Акция по 1тг | E40: =IFERROR(__xludf.DUMMYFUNCTION("""COMPUTED_VALUE"""),"упак.") -> упак. | F40: =IFERROR(__xludf.DUMMYFUNCTION("""COMPUTED_VALUE"""),"AST00000388") -> AST00000388 | G40: =IFERROR(__xludf.DUMMYFUNCTION("""COMPUTED_VALUE"""),77173) -> 77173 | H40: =IFERROR(__xludf.DUMMYFUNCTION("""COMPUTED_VALUE"""),"S") -> S
A41: =IFERROR(__xludf.DUMMYFUNCTION("""COMPUTED_VALUE"""),6941298300028) -> 6941298300028 | B41: =IFERROR(__xludf.DUMMYFUNCTION("""COMPUTED_VALUE"""),"LH130/№5+1") -> LH130/№5+1 | C41: =IFERROR(__xludf.DUMMYFUNCTION("""COMPUTED_VALUE"""),"Экспресс-Тест (полоска) на овуляцию №5 + 1 ПДВ") -> Экспресс-Тест (полоска) на овуляцию №5 + 1 ПДВ | D41: =IFERROR(__xludf.DUMMYFUNCTION("""COMPUTED_VALUE"""),"Экспресс-тест (полоска) на овуляцию №5+1 ш/к 6941298300028") -> Экспресс-тест (полоска) на овуляцию №5+1 ш/к 6941298300028 | E41: =IFERROR(__xludf.DUMMYFUNCTION("""COMPUTED_VALUE"""),"упак.") -> упак. | F41: =IFERROR(__xludf.DUMMYFUNCTION("""COMPUTED_VALUE"""),"ТСН00005") -> ТСН00005 | G41: =IFERROR(__xludf.DUMMYFUNCTION("""COMPUTED_VALUE"""),6941298300028) -> 6941298300028 | H41: =IFERROR(__xludf.DUMMYFUNCTION("""COMPUTED_VALUE"""),"XL") -> XL
A42: =IFERROR(__xludf.DUMMYFUNCTION("""COMPUTED_VALUE"""),"MedPlast") -> MedPlast | H42: =IFERROR(__xludf.DUMMYFUNCTION("""COMPUTED_VALUE"""),"XXL") -> XXL
A43: =IFERROR(__xludf.DUMMYFUNCTION("""COMPUTED_VALUE"""),8699207910216) -> 8699207910216 | B43: =IFERROR(__xludf.DUMMYFUNCTION("""COMPUTED_VALUE"""),"MedPlast_10мл") -> MedPlast_10мл | C43: =IFERROR(__xludf.DUMMYFUNCTION("""COMPUTED_VALUE"""),"Шприц 10мл 3-компонентный MP MedPlast") -> Шприц 10мл 3-компонентный MP MedPlast | D43: =IFERROR(__xludf.DUMMYFUNCTION("""COMPUTED_VALUE"""),"Шприц инъекционный "" МР MedPlast"", трехкомпонентные, стерильные, однократного применения, вместимостью 10 мл с иглами 0,8*38 мм ш/к 8699207910216") -> Шприц инъекционный " МР MedPlast", трехкомпонентные, стерильные, однократного применения, вместимостью 10 мл с иглами 0,8*38 мм ш/к 8699207910216 | E43: =IFERROR(__xludf.DUMMYFUNCTION("""COMPUTED_VALUE"""),"100 штук") -> 100 штук | F43: =IFERROR(__xludf.DUMMYFUNCTION("""COMPUTED_VALUE"""),"MPL00003") -> MPL00003 | G43: =IFERROR(__xludf.DUMMYFUNCTION("""COMPUTED_VALUE"""),8699207910216) -> 8699207910216 | H43: =IFERROR(__xludf.DUMMYFUNCTION("""COMPUTED_VALUE"""),"XXXL") -> XXXL
A44: =IFERROR(__xludf.DUMMYFUNCTION("""COMPUTED_VALUE"""),8699207920215) -> 8699207920215 | B44: =IFERROR(__xludf.DUMMYFUNCTION("""COMPUTED_VALUE"""),"MedPlast_20мл") -> MedPlast_20мл | C44: =IFERROR(__xludf.DUMMYFUNCTION("""COMPUTED_VALUE"""),"Шприц 20мл 3-компонентный MP MedPlast") -> Шприц 20мл 3-компонентный MP MedPlast | D44: =IFERROR(__xludf.DUMMYFUNCTION("""COMPUTED_VALUE"""),"Шприц инъекционный "" МР MedPlast"", трехкомпонентные, стерильные, однократного применения, вместимостью 20 мл с иглами 0,8*38 мм ш/к 8699207920215") -> Шприц инъекционный " МР MedPlast", трехкомпонентные, стерильные, однократного применения, вместимостью 20 мл с иглами 0,8*38 мм ш/к 8699207920215 | E44: =IFERROR(__xludf.DUMMYFUNCTION("""COMPUTED_VALUE"""),"100 штук") -> 100 штук | F44: =IFERROR(__xludf.DUMMYFUNCTION("""COMPUTED_VALUE"""),"MPL00004") -> MPL00004 | G44: =IFERROR(__xludf.DUMMYFUNCTION("""COMPUTED_VALUE"""),8699207920215) -> 8699207920215 | H44: =IFERROR(__xludf.DUMMYFUNCTION("""COMPUTED_VALUE"""),"XXXXL") -> XXXXL
A45: =IFERROR(__xludf.DUMMYFUNCTION("""COMPUTED_VALUE"""),8699207902228) -> 8699207902228 | B45: =IFERROR(__xludf.DUMMYFUNCTION("""COMPUTED_VALUE"""),"MedPlast_2мл") -> MedPlast_2мл | C45: =IFERROR(__xludf.DUMMYFUNCTION("""COMPUTED_VALUE"""),"Шприц 2мл 3-компонентный MP MedPlast") -> Шприц 2мл 3-компонентный MP MedPlast | D45: =IFERROR(__xludf.DUMMYFUNCTION("""COMPUTED_VALUE"""),"Шприц инъекционный "" МР MedPlast"", трехкомпонентные, стерильные, однократного применения, вместимостью 2 мл с иглами 0,8*38 мм ш/к 8699207902228") -> Шприц инъекционный " МР MedPlast", трехкомпонентные, стерильные, однократного применения, вместимостью 2 мл с иглами 0,8*38 мм ш/к 8699207902228 | E45: =IFERROR(__xludf.DUMMYFUNCTION("""COMPUTED_VALUE"""),"100 штук") -> 100 штук | F45: =IFERROR(__xludf.DUMMYFUNCTION("""COMPUTED_VALUE"""),"MPL00002") -> MPL00002 | G45: =IFERROR(__xludf.DUMMYFUNCTION("""COMPUTED_VALUE"""),8699207902228) -> 8699207902228 | H45: =IFERROR(__xludf.DUMMYFUNCTION("""COMPUTED_VALUE"""),"L") -> L
A46: =IFERROR(__xludf.DUMMYFUNCTION("""COMPUTED_VALUE"""),8699207905441) -> 8699207905441 | B46: =IFERROR(__xludf.DUMMYFUNCTION("""COMPUTED_VALUE"""),"MedPlast_5мл") -> MedPlast_5мл | C46: =IFERROR(__xludf.DUMMYFUNCTION("""COMPUTED_VALUE"""),"Шприц 5мл 3-компонентный MP MedPlast") -> Шприц 5мл 3-компонентный MP MedPlast | D46: =IFERROR(__xludf.DUMMYFUNCTION("""COMPUTED_VALUE"""),"Шприц инъекционный "" МР MedPlast"", трехкомпонентные, стерильные, однократного применения, вместимостью 5 мл с иглами 0,8*38 мм ш/к 8699207905441") -> Шприц инъекционный " МР MedPlast", трехкомпонентные, стерильные, однократного применения, вместимостью 5 мл с иглами 0,8*38 мм ш/к 8699207905441 | E46: =IFERROR(__xludf.DUMMYFUNCTION("""COMPUTED_VALUE"""),"100 штук") -> 100 штук | F46: =IFERROR(__xludf.DUMMYFUNCTION("""COMPUTED_VALUE"""),"BD000002") -> BD000002 | G46: =IFERROR(__xludf.DUMMYFUNCTION("""COMPUTED_VALUE"""),8699207905441) -> 8699207905441 | H46: =IFERROR(__xludf.DUMMYFUNCTION("""COMPUTED_VALUE"""),"M") -> M
A47: =IFERROR(__xludf.DUMMYFUNCTION("""COMPUTED_VALUE"""),"Microlife KZ") -> Microlife KZ | H47: =IFERROR(__xludf.DUMMYFUNCTION("""COMPUTED_VALUE"""),"XL") -> XL
A48: =IFERROR(__xludf.DUMMYFUNCTION("""COMPUTED_VALUE"""),77390) -> 77390 | B48: =IFERROR(__xludf.DUMMYFUNCTION("""COMPUTED_VALUE"""),1238) -> 1238 | C48: =IFERROR(__xludf.DUMMYFUNCTION("""COMPUTED_VALUE"""),"Переходник большой 1238") -> Переходник большой 1238 | D48: =IFERROR(__xludf.DUMMYFUNCTION("""COMPUTED_VALUE"""),"Переходник большой 1238") -> Переходник большой 1238 | E48: =IFERROR(__xludf.DUMMYFUNCTION("""COMPUTED_VALUE"""),"шт") -> шт | F48: =IFERROR(__xludf.DUMMYFUNCTION("""COMPUTED_VALUE"""),77000001027) -> 77000001027 | G48: =IFERROR(__xludf.DUMMYFUNCTION("""COMPUTED_VALUE"""),77390) -> 77390 | H48: =IFERROR(__xludf.DUMMYFUNCTION("""COMPUTED_VALUE"""),"L") -> L
A49: =IFERROR(__xludf.DUMMYFUNCTION("""COMPUTED_VALUE"""),4719003310196) -> 4719003310196 | B49: =IFERROR(__xludf.DUMMYFUNCTION("""COMPUTED_VALUE"""),"A100") -> A100 | C49: =IFERROR(__xludf.DUMMYFUNCTION("""COMPUTED_VALUE"""),"Тонометр Microlife BP A 100") -> Тонометр Microlife BP A 100 | D49: =IFERROR(__xludf.DUMMYFUNCTION("""COMPUTED_VALUE"""),"Прибор Microlife ВР A 100 для измерения артериального давления и частоты пульса, автоматический ш/к 4 719 003 310 196") -> Прибор Microlife ВР A 100 для измерения артериального давления и частоты пульса, автоматический ш/к 4 719 003 310 196 | E49: =IFERROR(__xludf.DUMMYFUNCTION("""COMPUTED_VALUE"""),"шт") -> шт | F49: =IFERROR(__xludf.DUMMYFUNCTION("""COMPUTED_VALUE"""),"ТА000024") -> ТА000024 | G49: =IFERROR(__xludf.DUMMYFUNCTION("""COMPUTED_VALUE"""),4719003310196) -> 4719003310196 | H49: =IFERROR(__xludf.DUMMYFUNCTION("""COMPUTED_VALUE"""),"M") -> M
A50: =IFERROR(__xludf.DUMMYFUNCTION("""COMPUTED_VALUE"""),4719003312701) -> 4719003312701 | B50: =IFERROR(__xludf.DUMMYFUNCTION("""COMPUTED_VALUE"""),"A100plus") -> A100plus | C50: =IFERROR(__xludf.DUMMYFUNCTION("""COMPUTED_VALUE"""),"Тонометр Microlife BP A 100 plus") -> Тонометр Microlife BP A 100 plus | D50: =IFERROR(__xludf.DUMMYFUNCTION("""COMPUTED_VALUE"""),"Прибор Microlife ВР A 100 plus для измерения артериального давления и частоты пульса, автоматический ш/к 4 719 003 312 701") -> Прибор Microlife ВР A 100 plus для измерения артериального давления и частоты пульса, автоматический ш/к 4 719 003 312 701 | E50: =IFERROR(__xludf.DUMMYFUNCTION("""COMPUTED_VALUE"""),"шт") -> шт | F50: =IFERROR(__xludf.DUMMYFUNCTION("""COMPUTED_VALUE"""),"ТА000025") -> ТА000025 | G50: =IFERROR(__xludf.DUMMYFUNCTION("""COMPUTED_VALUE"""),4719003312701) -> 4719003312701 | H50: =IFERROR(__xludf.DUMMYFUNCTION("""COMPUTED_VALUE"""),"S") -> S
A51: =IFERROR(__xludf.DUMMYFUNCTION("""COMPUTED_VALUE"""),4719003310189) -> 4719003310189 | B51: =IFERROR(__xludf.DUMMYFUNCTION("""COMPUTED_VALUE"""),"A50") -> A50 | C51: =IFERROR(__xludf.DUMMYFUNCTION("""COMPUTED_VALUE"""),"Тонометр Microlife BP A 50") -> Тонометр Microlife BP A 50 | D51: =IFERROR(__xludf.DUMMYFUNCTION("""COMPUTED_VALUE"""),"Прибор Microlife ВР A 50 для измерения артериального давления и частоты пульса, полуавтоматический ш/к 4 719 003 310 189") -> Прибор Microlife ВР A 50 для измерения артериального давления и частоты пульса, полуавтоматический ш/к 4 719 003 310 189 | E51: =IFERROR(__xludf.DUMMYFUNCTION("""COMPUTED_VALUE"""),"шт") -> шт | F51: =IFERROR(__xludf.DUMMYFUNCTION("""COMPUTED_VALUE"""),"ТП000015") -> ТП000015 | G51: =IFERROR(__xludf.DUMMYFUNCTION("""COMPUTED_VALUE"""),4719003310189) -> 4719003310189 | H51: =IFERROR(__xludf.DUMMYFUNCTION("""COMPUTED_VALUE"""),"XL") -> XL
A52: =IFERROR(__xludf.DUMMYFUNCTION("""COMPUTED_VALUE"""),4719003310080) -> 4719003310080 | B52: =IFERROR(__xludf.DUMMYFUNCTION("""COMPUTED_VALUE"""),"A80") -> A80 | C52: =IFERROR(__xludf.DUMMYFUNCTION("""COMPUTED_VALUE"""),"Тонометр Microlife BP A 80") -> Тонометр Microlife BP A 80 | D52: =IFERROR(__xludf.DUMMYFUNCTION("""COMPUTED_VALUE"""),"Измеритель артериального давления Microlife ВР A 80 полуавтоматический ш/к 4 719 003 310 080") -> Измеритель артериального давления Microlife ВР A 80 полуавтоматический ш/к 4 719 003 310 080 | E52: =IFERROR(__xludf.DUMMYFUNCTION("""COMPUTED_VALUE"""),"шт") -> шт | F52: =IFERROR(__xludf.DUMMYFUNCTION("""COMPUTED_VALUE"""),"ТП000014") -> ТП000014 | G52: =IFERROR(__xludf.DUMMYFUNCTION("""COMPUTED_VALUE"""),4719003310080) -> 4719003310080 | H52: =IFERROR(__xludf.DUMMYFUNCTION("""COMPUTED_VALUE"""),"L\XL") -> L\XL
A53: =IFERROR(__xludf.DUMMYFUNCTION("""COMPUTED_VALUE"""),4719003934040) -> 4719003934040 | B53: =IFERROR(__xludf.DUMMYFUNCTION("""COMPUTED_VALUE"""),"AD-1024c") -> AD-1024c | C53: =IFERROR(__xludf.DUMMYFUNCTION("""COMPUTED_VALUE"""),"Адаптер AD-1024c") -> Адаптер AD-1024c | D53: =IFERROR(__xludf.DUMMYFUNCTION("""COMPUTED_VALUE"""),"Адаптер AD-1024c/Блок питания (адаптер) AD-1024c ш/к 4 719 003 934040") -> Адаптер AD-1024c/Блок питания (адаптер) AD-1024c ш/к 4 719 003 934040 | E53: =IFERROR(__xludf.DUMMYFUNCTION("""COMPUTED_VALUE"""),"шт") -> шт | F53: =IFERROR(__xludf.DUMMYFUNCTION("""COMPUTED_VALUE"""),"КО000035") -> КО000035 | G53: =IFERROR(__xludf.DUMMYFUNCTION("""COMPUTED_VALUE"""),4719003934040) -> 4719003934040 | H53: =IFERROR(__xludf.DUMMYFUNCTION("""COMPUTED_VALUE"""),"S\M") -> S\M
A54: =IFERROR(__xludf.DUMMYFUNCTION("""COMPUTED_VALUE"""),4719003310219) -> 4719003310219 | B54: =IFERROR(__xludf.DUMMYFUNCTION("""COMPUTED_VALUE"""),"AG1") -> AG1 | C54: =IFERROR(__xludf.DUMMYFUNCTION("""COMPUTED_VALUE"""),"Тонометр Microlife BP 3 AG1") -> Тонометр Microlife BP 3 AG1 | D54: =IFERROR(__xludf.DUMMYFUNCTION("""COMPUTED_VALUE"""),"Прибор Microlife, модель BP 3AG1 для измерения артериального давления и частоты пульса, автоматический ш/к 4 719 003 310 219") -> Прибор Microlife, модель BP 3AG1 для измерения артериального давления и частоты пульса, автоматический ш/к 4 719 003 310 219 | E54: =IFERROR(__xludf.DUMMYFUNCTION("""COMPUTED_VALUE"""),"шт") -> шт | F54: =IFERROR(__xludf.DUMMYFUNCTION("""COMPUTED_VALUE"""),"ТА000021") -> ТА000021 | G54: =IFERROR(__xludf.DUMMYFUNCTION("""COMPUTED_VALUE"""),4719003310219) -> 4719003310219 | H54: =IFERROR(__xludf.DUMMYFUNCTION("""COMPUTED_VALUE"""),"XXL") -> XXL
A55: =IFERROR(__xludf.DUMMYFUNCTION("""COMPUTED_VALUE"""),4719003340018) -> 4719003340018 | B55: =IFERROR(__xludf.DUMMYFUNCTION("""COMPUTED_VALUE"""),"AG1-20") -> AG1-20 | C55: =IFERROR(__xludf.DUMMYFUNCTION("""COMPUTED_VALUE"""),"Тонометр Microlife BP AG 1-20") -> Тонометр Microlife BP AG 1-20 | D55: =IFERROR(__xludf.DUMMYFUNCTION("""COMPUTED_VALUE"""),"Прибор Microlife ВР AG 1-20 для измерения артериального давления механический ш/к 4 719 003 340 018 (Сертификат № 11425 об утверждении типа СИ)") -> Прибор Microlife ВР AG 1-20 для измерения артериального давления механический ш/к 4 719 003 340 018 (Сертификат № 11425 об утверждении типа СИ) | E55: =IFERROR(__xludf.DUMMYFUNCTION("""COMPUTED_VALUE"""),"шт") -> шт | F55: =IFERROR(__xludf.DUMMYFUNCTION("""COMPUTED_VALUE"""),"ТМ000022") -> ТМ000022 | G55: =IFERROR(__xludf.DUMMYFUNCTION("""COMPUTED_VALUE"""),4719003340018) -> 4719003340018 | H55: =IFERROR(__xludf.DUMMYFUNCTION("""COMPUTED_VALUE"""),"L") -> L
A56: =IFERROR(__xludf.DUMMYFUNCTION("""COMPUTED_VALUE"""),4719003340216) -> 4719003340216 | B56: =IFERROR(__xludf.DUMMYFUNCTION("""COMPUTED_VALUE"""),"AG1-30") -> AG1-30 | C56: =IFERROR(__xludf.DUMMYFUNCTION("""COMPUTED_VALUE"""),"Тонометр Microlife BP AG 1-30") -> Тонометр Microlife BP AG 1-30 | D56: =IFERROR(__xludf.DUMMYFUNCTION("""COMPUTED_VALUE"""),"Прибор Microlife ВР AG 1-30 для измерения артериального давления механический ш/к 4 719 003 340 216 (Сертификат № 11425 об утверждении типа СИ)") -> Прибор Microlife ВР AG 1-30 для измерения артериального давления механический ш/к 4 719 003 340 216 (Сертификат № 11425 об утверждении типа СИ) | E56: =IFERROR(__xludf.DUMMYFUNCTION("""COMPUTED_VALUE"""),"шт") -> шт | F56: =IFERROR(__xludf.DUMMYFUNCTION("""COMPUTED_VALUE"""),"ТМ000023") -> ТМ000023 | G56: =IFERROR(__xludf.DUMMYFUNCTION("""COMPUTED_VALUE"""),4719003340216) -> 4719003340216 | H56: =IFERROR(__xludf.DUMMYFUNCTION("""COMPUTED_VALUE"""),"M") -> M
A57: =IFERROR(__xludf.DUMMYFUNCTION("""COMPUTED_VALUE"""),4719003311940) -> 4719003311940 | B57: =IFERROR(__xludf.DUMMYFUNCTION("""COMPUTED_VALUE"""),"AS1-2") -> AS1-2 | C57: =IFERROR(__xludf.DUMMYFUNCTION("""COMPUTED_VALUE"""),"Тонометр Microlife BP 3 AS 1-2") -> Тонометр Microlife BP 3 AS 1-2 | D57: =IFERROR(__xludf.DUMMYFUNCTION("""COMPUTED_VALUE"""),"Прибор Microlife ВР 3 АS 1-2 для измерения артериального давления и частоты пульса полуавтоматический ш/к 4 719 003 311 940") -> Прибор Microlife ВР 3 АS 1-2 для измерения артериального давления и частоты пульса полуавтоматический ш/к 4 719 003 311 940 | E57: =IFERROR(__xludf.DUMMYFUNCTION("""COMPUTED_VALUE"""),"шт") -> шт | F57: =IFERROR(__xludf.DUMMYFUNCTION("""COMPUTED_VALUE"""),"ТП000012") -> ТП000012 | G57: =IFERROR(__xludf.DUMMYFUNCTION("""COMPUTED_VALUE"""),4719003311940) -> 4719003311940 | H57: =IFERROR(__xludf.DUMMYFUNCTION("""COMPUTED_VALUE"""),"S") -> S
A58: =IFERROR(__xludf.DUMMYFUNCTION("""COMPUTED_VALUE"""),4719003330132) -> 4719003330132 | B58: =IFERROR(__xludf.DUMMYFUNCTION("""COMPUTED_VALUE"""),"BEO-4") -> BEO-4 | C58: =IFERROR(__xludf.DUMMYFUNCTION("""COMPUTED_VALUE"""),"Тонометр Microlife BP 3 BEO-4") -> Тонометр Microlife BP 3 BEO-4 | D58: =IFERROR(__xludf.DUMMYFUNCTION("""COMPUTED_VALUE"""),"Прибор Microlife ВР 3 ВEО-4 для измерения аретириального давления и частоты пульса на запястье ш/к 4 719 003 330 132") -> Прибор Microlife ВР 3 ВEО-4 для измерения аретириального давления и частоты пульса на запястье ш/к 4 719 003 330 132 | E58: =IFERROR(__xludf.DUMMYFUNCTION("""COMPUTED_VALUE"""),"шт") -> шт | F58: =IFERROR(__xludf.DUMMYFUNCTION("""COMPUTED_VALUE"""),"ТЗ000013") -> ТЗ000013 | G58: =IFERROR(__xludf.DUMMYFUNCTION("""COMPUTED_VALUE"""),4719003330132) -> 4719003330132 | H58: =IFERROR(__xludf.DUMMYFUNCTION("""COMPUTED_VALUE"""),"XL") -> XL
A59: =IFERROR(__xludf.DUMMYFUNCTION("""COMPUTED_VALUE"""),4719003310615) -> 4719003310615 | B59: =IFERROR(__xludf.DUMMYFUNCTION("""COMPUTED_VALUE"""),"BP A 6 PC") -> BP A 6 PC | C59: =IFERROR(__xludf.DUMMYFUNCTION("""COMPUTED_VALUE"""),"BP A 6 PC Blood Pressure Monitor with blood-stroke/Прибор для измерения артдавле") -> BP A 6 PC Blood Pressure Monitor with blood-stroke/Прибор для измерения артдавле | D59: =IFERROR(__xludf.DUMMYFUNCTION("""COMPUTED_VALUE"""),"BP A 6 PC Blood Pressure Monitor with blood-stroke/Прибор для измерения артдавления ш/к 4719003310615 (Сертификат № 9973 об утверждении типа СИ)") -> BP A 6 PC Blood Pressure Monitor with blood-stroke/Прибор для измерения артдавления ш/к 4719003310615 (Сертификат № 9973 об утверждении типа СИ) | E59: =IFERROR(__xludf.DUMMYFUNCTION("""COMPUTED_VALUE"""),"шт") -> шт | F59: =IFERROR(__xludf.DUMMYFUNCTION("""COMPUTED_VALUE"""),77000000353) -> 77000000353 | G59: =IFERROR(__xludf.DUMMYFUNCTION("""COMPUTED_VALUE"""),4719003310615) -> 4719003310615 | H59: =IFERROR(__xludf.DUMMYFUNCTION("""COMPUTED_VALUE"""),"L") -> L
A60: =IFERROR(__xludf.DUMMYFUNCTION("""COMPUTED_VALUE"""),77176) -> 77176 | B60: =IFERROR(__xludf.DUMMYFUNCTION("""COMPUTED_VALUE"""),"BP A 6 PC+МТ1951") -> BP A 6 PC+МТ1951 | C60: =IFERROR(__xludf.DUMMYFUNCTION("""COMPUTED_VALUE"""),"BP A 6 PC + Microlife МТ1951") -> BP A 6 PC + Microlife МТ1951 | D60: =IFERROR(__xludf.DUMMYFUNCTION("""COMPUTED_VALUE"""),"BP A 6 PC Blood Pressure Monitor with blood-stroke/Прибор для измерения артдавления ш/к 4719003310615+Thermometer MT1951/Термометр МТ1951 ш/к 4719003130046") -> BP A 6 PC Blood Pressure Monitor with blood-stroke/Прибор для измерения артдавления ш/к 4719003310615+Thermometer MT1951/Термометр МТ1951 ш/к 4719003130046 | E60: =IFERROR(__xludf.DUMMYFUNCTION("""COMPUTED_VALUE"""),"шт") -> шт | F60: =IFERROR(__xludf.DUMMYFUNCTION("""COMPUTED_VALUE"""),77000000812) -> 77000000812 | G60: =IFERROR(__xludf.DUMMYFUNCTION("""COMPUTED_VALUE"""),77176) -> 77176 | H60: =IFERROR(__xludf.DUMMYFUNCTION("""COMPUTED_VALUE"""),"M") -> M
A61: =IFERROR(__xludf.DUMMYFUNCTION("""COMPUTED_VALUE"""),4719003310653) -> 4719003310653 | B61: =IFERROR(__xludf.DUMMYFUNCTION("""COMPUTED_VALUE"""),"BP A1 Basic") -> BP A1 Basic | C61: =IFERROR(__xludf.DUMMYFUNCTION("""COMPUTED_VALUE"""),"Тонометр BP A1 Basic") -> Тонометр BP A1 Basic | D61: =IFERROR(__xludf.DUMMYFUNCTION("""COMPUTED_VALUE"""),"BP A1 Basic Blood Pressure Monitor/Прибор для измерения артериального давления: BP A1 Basic ш/к 4719003310653 (Сертификат № 9973 об утверждении типа СИ)") -> BP A1 Basic Blood Pressure Monitor/Прибор для измерения артериального давления: BP A1 Basic ш/к 4719003310653 (Сертификат № 9973 об утверждении типа СИ) | E61: =IFERROR(__xludf.DUMMYFUNCTION("""COMPUTED_VALUE"""),"шт") -> шт | F61: =IFERROR(__xludf.DUMMYFUNCTION("""COMPUTED_VALUE"""),77000000567) -> 77000000567 | G61: =IFERROR(__xludf.DUMMYFUNCTION("""COMPUTED_VALUE"""),4719003310653) -> 4719003310653 | H61: =IFERROR(__xludf.DUMMYFUNCTION("""COMPUTED_VALUE"""),"S") -> S
A62: =IFERROR(__xludf.DUMMYFUNCTION("""COMPUTED_VALUE"""),4719003310639) -> 4719003310639 | B62: =IFERROR(__xludf.DUMMYFUNCTION("""COMPUTED_VALUE"""),"BP A2 Basic") -> BP A2 Basic | C62: =IFERROR(__xludf.DUMMYFUNCTION("""COMPUTED_VALUE"""),"Тонометр BP A2 Basic") -> Тонометр BP A2 Basic | D62: =IFERROR(__xludf.DUMMYFUNCTION("""COMPUTED_VALUE"""),"BP A2 Basic Blood Pressure Monitor/Прибор для измерения артериального давления: BP A2 Basic (Сертификат № 9973 об утверждении типа СИ) ш/к 4719003310639") -> BP A2 Basic Blood Pressure Monitor/Прибор для измерения артериального давления: BP A2 Basic (Сертификат № 9973 об утверждении типа СИ) ш/к 4719003310639 | E62: =IFERROR(__xludf.DUMMYFUNCTION("""COMPUTED_VALUE"""),"шт") -> шт | F62: =IFERROR(__xludf.DUMMYFUNCTION("""COMPUTED_VALUE"""),77000000568) -> 77000000568 | G62: =IFERROR(__xludf.DUMMYFUNCTION("""COMPUTED_VALUE"""),4719003310639) -> 4719003310639 | H62: =IFERROR(__xludf.DUMMYFUNCTION("""COMPUTED_VALUE"""),"XL") -> XL
A63: =IFERROR(__xludf.DUMMYFUNCTION("""COMPUTED_VALUE"""),77109) -> 77109 | B63: =IFERROR(__xludf.DUMMYFUNCTION("""COMPUTED_VALUE"""),"BP A3L 50%") -> BP A3L 50% | C63: =IFERROR(__xludf.DUMMYFUNCTION("""COMPUTED_VALUE"""),"НА КАЖДУЮ ВТОРУЮ МОДЕЛЬ ТОНОМЕТРА BP A3L Basic -50%") -> НА КАЖДУЮ ВТОРУЮ МОДЕЛЬ ТОНОМЕТРА BP A3L Basic -50% | D63: =IFERROR(__xludf.DUMMYFUNCTION("""COMPUTED_VALUE"""),"BP A3L Basic Blood Pressure Monitor/Прибор для измерения артериального давления: BP A3L Basic -50%") -> BP A3L Basic Blood Pressure Monitor/Прибор для измерения артериального давления: BP A3L Basic -50% | E63: =IFERROR(__xludf.DUMMYFUNCTION("""COMPUTED_VALUE"""),"шт") -> шт | F63: =IFERROR(__xludf.DUMMYFUNCTION("""COMPUTED_VALUE"""),"AST00000331") -> AST00000331 | G63: =IFERROR(__xludf.DUMMYFUNCTION("""COMPUTED_VALUE"""),77109) -> 77109 | H63: =IFERROR(__xludf.DUMMYFUNCTION("""COMPUTED_VALUE"""),"L/XL") -> L/XL
A64: =IFERROR(__xludf.DUMMYFUNCTION("""COMPUTED_VALUE"""),4719003313050) -> 4719003313050 | B64: =IFERROR(__xludf.DUMMYFUNCTION("""COMPUTED_VALUE"""),"BP A3L Basic") -> BP A3L Basic | C64: =IFERROR(__xludf.DUMMYFUNCTION("""COMPUTED_VALUE"""),"Тонометр BP A3L Basic") -> Тонометр BP A3L Basic | D64: =IFERROR(__xludf.DUMMYFUNCTION("""COMPUTED_VALUE"""),"BP A3L Basic Blood Pressure Monitor/Прибор для измерения артериального давления: BP A3L Basic ш/к 4719003313050 (Сертификат № 9973 об утверждении типа СИ)") -> BP A3L Basic Blood Pressure Monitor/Прибор для измерения артериального давления: BP A3L Basic ш/к 4719003313050 (Сертификат № 9973 об утверждении типа СИ) | E64: =IFERROR(__xludf.DUMMYFUNCTION("""COMPUTED_VALUE"""),"шт") -> шт | F64: =IFERROR(__xludf.DUMMYFUNCTION("""COMPUTED_VALUE"""),77000000569) -> 77000000569 | G64: =IFERROR(__xludf.DUMMYFUNCTION("""COMPUTED_VALUE"""),4719003313050) -> 4719003313050 | H64: =IFERROR(__xludf.DUMMYFUNCTION("""COMPUTED_VALUE"""),"S/M") -> S/M
A65: =IFERROR(__xludf.DUMMYFUNCTION("""COMPUTED_VALUE"""),4719003310851) -> 4719003310851 | B65: =IFERROR(__xludf.DUMMYFUNCTION("""COMPUTED_VALUE"""),"BP N1 BASIC") -> BP N1 BASIC | C65: =IFERROR(__xludf.DUMMYFUNCTION("""COMPUTED_VALUE"""),"Тонометр BP N1 BASIC") -> Тонометр BP N1 BASIC | D65: =IFERROR(__xludf.DUMMYFUNCTION("""COMPUTED_VALUE"""),"BP N1 BASIC Blood Pressure Monitor/Прибор для измерения артериального давления и частоты пульса: BP N1 BASIC ш/к 4719003310851 (Сертификат № 9973 об утверждении типа СИ)") -> BP N1 BASIC Blood Pressure Monitor/Прибор для измерения артериального давления и частоты пульса: BP N1 BASIC ш/к 4719003310851 (Сертификат № 9973 об утверждении типа СИ) | E65: =IFERROR(__xludf.DUMMYFUNCTION("""COMPUTED_VALUE"""),"шт") -> шт | F65: =IFERROR(__xludf.DUMMYFUNCTION("""COMPUTED_VALUE"""),77000000565) -> 77000000565 | G65: =IFERROR(__xludf.DUMMYFUNCTION("""COMPUTED_VALUE"""),4719003310851) -> 4719003310851 | H65: =IFERROR(__xludf.DUMMYFUNCTION("""COMPUTED_VALUE"""),"L\XL") -> L\XL
A66: =IFERROR(__xludf.DUMMYFUNCTION("""COMPUTED_VALUE"""),4719003310844) -> 4719003310844 | B66: =IFERROR(__xludf.DUMMYFUNCTION("""COMPUTED_VALUE"""),"BP N2 Plus") -> BP N2 Plus | C66: =IFERROR(__xludf.DUMMYFUNCTION("""COMPUTED_VALUE"""),"Тонометр BP N2 Plus") -> Тонометр BP N2 Plus | D66: =IFERROR(__xludf.DUMMYFUNCTION("""COMPUTED_VALUE"""),"BP N2 Plus Blood Pressure Monitor/Прибор для измерения аретриального давления и частоты пульса: BP N2 Plus ш/к 4719003310844 (Сертификат № 9973 об утверждении типа СИ)") -> BP N2 Plus Blood Pressure Monitor/Прибор для измерения аретриального давления и частоты пульса: BP N2 Plus ш/к 4719003310844 (Сертификат № 9973 об утверждении типа СИ) | E66: =IFERROR(__xludf.DUMMYFUNCTION("""COMPUTED_VALUE"""),"шт") -> шт | F66: =IFERROR(__xludf.DUMMYFUNCTION("""COMPUTED_VALUE"""),77000000566) -> 77000000566 | G66: =IFERROR(__xludf.DUMMYFUNCTION("""COMPUTED_VALUE"""),4719003310844) -> 4719003310844 | H66: =IFERROR(__xludf.DUMMYFUNCTION("""COMPUTED_VALUE"""),"S\M") -> S\M
A67: =IFERROR(__xludf.DUMMYFUNCTION("""COMPUTED_VALUE"""),4719003330040) -> 4719003330040 | B67: =IFERROR(__xludf.DUMMYFUNCTION("""COMPUTED_VALUE"""),"BPW100") -> BPW100 | C67: =IFERROR(__xludf.DUMMYFUNCTION("""COMPUTED_VALUE"""),"Тонометр Microlife BP W 100") -> Тонометр Microlife BP W 100 | D67: =IFERROR(__xludf.DUMMYFUNCTION("""COMPUTED_VALUE"""),"Измеритель артриального давления Microlife ВР W 100 на запястье автоматический ш/к 4 719 003 330 040") -> Измеритель артриального давления Microlife ВР W 100 на запястье автоматический ш/к 4 719 003 330 040 | E67: =IFERROR(__xludf.DUMMYFUNCTION("""COMPUTED_VALUE"""),"шт") -> шт | F67: =IFERROR(__xludf.DUMMYFUNCTION("""COMPUTED_VALUE"""),"ТЗ000016") -> ТЗ000016 | G67: =IFERROR(__xludf.DUMMYFUNCTION("""COMPUTED_VALUE"""),4719003330040) -> 4719003330040 | H67: =IFERROR(__xludf.DUMMYFUNCTION("""COMPUTED_VALUE"""),"L") -> L
A68: =IFERROR(__xludf.DUMMYFUNCTION("""COMPUTED_VALUE"""),4719003580049) -> 4719003580049 | B68: =IFERROR(__xludf.DUMMYFUNCTION("""COMPUTED_VALUE"""),"FH80") -> FH80 | C68: =IFERROR(__xludf.DUMMYFUNCTION("""COMPUTED_VALUE"""),"FH 80") -> FH 80 | D68: =IFERROR(__xludf.DUMMYFUNCTION("""COMPUTED_VALUE"""),"FH 80 Heating Pad/ Электрогрелка FH 80 ш/к 4719003580049") -> FH 80 Heating Pad/ Электрогрелка FH 80 ш/к 4719003580049 | E68: =IFERROR(__xludf.DUMMYFUNCTION("""COMPUTED_VALUE"""),"шт") -> шт | F68: =IFERROR(__xludf.DUMMYFUNCTION("""COMPUTED_VALUE"""),"ЭГ000010") -> ЭГ000010 | G68: =IFERROR(__xludf.DUMMYFUNCTION("""COMPUTED_VALUE"""),4719003580049) -> 4719003580049 | H68: =IFERROR(__xludf.DUMMYFUNCTION("""COMPUTED_VALUE"""),"M") -> M
A69: =IFERROR(__xludf.DUMMYFUNCTION("""COMPUTED_VALUE"""),77256) -> 77256 | B69: =IFERROR(__xludf.DUMMYFUNCTION("""COMPUTED_VALUE"""),"FH80 new") -> FH80 new | C69: =IFERROR(__xludf.DUMMYFUNCTION("""COMPUTED_VALUE"""),"FH 80 new") -> FH 80 new | D69: =IFERROR(__xludf.DUMMYFUNCTION("""COMPUTED_VALUE"""),"FH 80 Heating Pad/ Электрогрелка FH 80") -> FH 80 Heating Pad/ Электрогрелка FH 80 | E69: =IFERROR(__xludf.DUMMYFUNCTION("""COMPUTED_VALUE"""),"шт") -> шт | F69: =IFERROR(__xludf.DUMMYFUNCTION("""COMPUTED_VALUE"""),"AST00000535") -> AST00000535 | G69: =IFERROR(__xludf.DUMMYFUNCTION("""COMPUTED_VALUE"""),77256) -> 77256 | H69: =IFERROR(__xludf.DUMMYFUNCTION("""COMPUTED_VALUE"""),"S") -> S
A70: =IFERROR(__xludf.DUMMYFUNCTION("""COMPUTED_VALUE"""),4719003621087) -> 4719003621087 | B70: =IFERROR(__xludf.DUMMYFUNCTION("""COMPUTED_VALUE"""),"NEB10") -> NEB10 | C70: =IFERROR(__xludf.DUMMYFUNCTION("""COMPUTED_VALUE"""),"Небулайзер Microlife NEB - 10А") -> Небулайзер Microlife NEB - 10А | D70: =IFERROR(__xludf.DUMMYFUNCTION("""COMPUTED_VALUE"""),"Compressor Nebulizer NEB 10A/Компрессорный небулайзер Microlife NEB 10А УКТЗЕД9019200000 ш/к 4719003621087") -> Compressor Nebulizer NEB 10A/Компрессорный небулайзер Microlife NEB 10А УКТЗЕД9019200000 ш/к 4719003621087 | E70: =IFERROR(__xludf.DUMMYFUNCTION("""COMPUTED_VALUE"""),"шт") -> шт | F70: =IFERROR(__xludf.DUMMYFUNCTION("""COMPUTED_VALUE"""),"ИН000006") -> ИН000006 | G70: =IFERROR(__xludf.DUMMYFUNCTION("""COMPUTED_VALUE"""),4719003621087) -> 4719003621087 | H70: =IFERROR(__xludf.DUMMYFUNCTION("""COMPUTED_VALUE"""),"XL") -> XL
A71: =IFERROR(__xludf.DUMMYFUNCTION("""COMPUTED_VALUE"""),4719003621056) -> 4719003621056 | B71: =IFERROR(__xludf.DUMMYFUNCTION("""COMPUTED_VALUE"""),"NEB100") -> NEB100 | C71: =IFERROR(__xludf.DUMMYFUNCTION("""COMPUTED_VALUE"""),"Небулайзер Microlife NEB - 100В") -> Небулайзер Microlife NEB - 100В | D71: =IFERROR(__xludf.DUMMYFUNCTION("""COMPUTED_VALUE"""),"Compressor Nebulizer NEB 100B/Компрессорный небулайзер Microlife NEB100В УКТЗЕД9019200000 ш/к 4719003621056") -> Compressor Nebulizer NEB 100B/Компрессорный небулайзер Microlife NEB100В УКТЗЕД9019200000 ш/к 4719003621056 | E71: =IFERROR(__xludf.DUMMYFUNCTION("""COMPUTED_VALUE"""),"шт") -> шт | F71: =IFERROR(__xludf.DUMMYFUNCTION("""COMPUTED_VALUE"""),"ИН000007") -> ИН000007 | G71: =IFERROR(__xludf.DUMMYFUNCTION("""COMPUTED_VALUE"""),4719003621056) -> 4719003621056 | H71: =IFERROR(__xludf.DUMMYFUNCTION("""COMPUTED_VALUE"""),"I") -> I
A72: =IFERROR(__xludf.DUMMYFUNCTION("""COMPUTED_VALUE"""),4719003937041) -> 4719003937041 | B72: =IFERROR(__xludf.DUMMYFUNCTION("""COMPUTED_VALUE"""),"ST77") -> ST77 | C72: =IFERROR(__xludf.DUMMYFUNCTION("""COMPUTED_VALUE"""),"Стетоскоп Microlife ST-77") -> Стетоскоп Microlife ST-77 | D72: =IFERROR(__xludf.DUMMYFUNCTION("""COMPUTED_VALUE"""),"Стетоскоп Microlife ST-77 Раппорта УКТЗЕД9018901000 ш/к 4719003937041") -> Стетоскоп Microlife ST-77 Раппорта УКТЗЕД9018901000 ш/к 4719003937041 | E72: =IFERROR(__xludf.DUMMYFUNCTION("""COMPUTED_VALUE"""),"шт") -> шт | F72: =IFERROR(__xludf.DUMMYFUNCTION("""COMPUTED_VALUE"""),"ТМ000028") -> ТМ000028 | G72: =IFERROR(__xludf.DUMMYFUNCTION("""COMPUTED_VALUE"""),4719003937041) -> 4719003937041 | H72: =IFERROR(__xludf.DUMMYFUNCTION("""COMPUTED_VALUE"""),"II") -> II
A73: =IFERROR(__xludf.DUMMYFUNCTION("""COMPUTED_VALUE"""),4719003060015) -> 4719003060015 | B73: =IFERROR(__xludf.DUMMYFUNCTION("""COMPUTED_VALUE"""),"МТ1931") -> МТ1931 | C73: =IFERROR(__xludf.DUMMYFUNCTION("""COMPUTED_VALUE"""),"Термометр Microlife МТ1931") -> Термометр Microlife МТ1931 | D73: =IFERROR(__xludf.DUMMYFUNCTION("""COMPUTED_VALUE"""),"Thermometer MT1931/Термометр МТ1931 ш/к 4719003060015 (Сертификат № 9974 об утверждении типа СИ)") -> Thermometer MT1931/Термометр МТ1931 ш/к 4719003060015 (Сертификат № 9974 об утверждении типа СИ) | E73: =IFERROR(__xludf.DUMMYFUNCTION("""COMPUTED_VALUE"""),"шт") -> шт | F73: =IFERROR(__xludf.DUMMYFUNCTION("""COMPUTED_VALUE"""),"ТЕ000030") -> ТЕ000030 | G73: =IFERROR(__xludf.DUMMYFUNCTION("""COMPUTED_VALUE"""),4719003060015) -> 4719003060015 | H73: =IFERROR(__xludf.DUMMYFUNCTION("""COMPUTED_VALUE"""),"III") -> III
A74: =IFERROR(__xludf.DUMMYFUNCTION("""COMPUTED_VALUE"""),4719003130046) -> 4719003130046 | B74: =IFERROR(__xludf.DUMMYFUNCTION("""COMPUTED_VALUE"""),"МТ1951") -> МТ1951 | C74: =IFERROR(__xludf.DUMMYFUNCTION("""COMPUTED_VALUE"""),"Термометр Microlife МТ1951") -> Термометр Microlife МТ1951 | D74: =IFERROR(__xludf.DUMMYFUNCTION("""COMPUTED_VALUE"""),"Thermometer MT1951/Термометр МТ1951 ш/к 4719003130046 (Сертификат № 9974 об утверждении типа СИ)") -> Thermometer MT1951/Термометр МТ1951 ш/к 4719003130046 (Сертификат № 9974 об утверждении типа СИ) | E74: =IFERROR(__xludf.DUMMYFUNCTION("""COMPUTED_VALUE"""),"шт") -> шт | F74: =IFERROR(__xludf.DUMMYFUNCTION("""COMPUTED_VALUE"""),"ТЕ000031") -> ТЕ000031 | G74: =IFERROR(__xludf.DUMMYFUNCTION("""COMPUTED_VALUE"""),4719003130046) -> 4719003130046 | H74: =IFERROR(__xludf.DUMMYFUNCTION("""COMPUTED_VALUE"""),"I") -> I
A75: =IFERROR(__xludf.DUMMYFUNCTION("""COMPUTED_VALUE"""),"OVO") -> OVO | H75: =IFERROR(__xludf.DUMMYFUNCTION("""COMPUTED_VALUE"""),"II") -> II
A76: =IFERROR(__xludf.DUMMYFUNCTION("""COMPUTED_VALUE"""),7640162321426) -> 7640162321426 | B76: =IFERROR(__xludf.DUMMYFUNCTION("""COMPUTED_VALUE"""),"RDW130-5A") -> RDW130-5A | C76: =IFERROR(__xludf.DUMMYFUNCTION("""COMPUTED_VALUE"""),"Одноразовые лактационные вкладыши ТМ OVO") -> Одноразовые лактационные вкладыши ТМ OVO | D76: =IFERROR(__xludf.DUMMYFUNCTION("""COMPUTED_VALUE"""),"Disposable Breast Pad 30pcs box package/одноразовые лактационные вкладыши ТМ OVO ш/к 7640162321426") -> Disposable Breast Pad 30pcs box package/одноразовые лактационные вкладыши ТМ OVO ш/к 7640162321426 | E76: =IFERROR(__xludf.DUMMYFUNCTION("""COMPUTED_VALUE"""),"шт") -> шт | F76: =IFERROR(__xludf.DUMMYFUNCTION("""COMPUTED_VALUE"""),"AST00000326") -> AST00000326 | G76: =IFERROR(__xludf.DUMMYFUNCTION("""COMPUTED_VALUE"""),7640162321426) -> 7640162321426 | H76: =IFERROR(__xludf.DUMMYFUNCTION("""COMPUTED_VALUE"""),"III") -> III
A77: =IFERROR(__xludf.DUMMYFUNCTION("""COMPUTED_VALUE"""),"Playboy") -> Playboy | H77: =IFERROR(__xludf.DUMMYFUNCTION("""COMPUTED_VALUE"""),"M/L") -> M/L
A78: =IFERROR(__xludf.DUMMYFUNCTION("""COMPUTED_VALUE"""),7640162322119) -> 7640162322119 | B78: =IFERROR(__xludf.DUMMYFUNCTION("""COMPUTED_VALUE"""),"Playboy/Класичні/3") -> Playboy/Класичні/3 | C78: =IFERROR(__xludf.DUMMYFUNCTION("""COMPUTED_VALUE"""),"Презервативы Playboy классические №3") -> Презервативы Playboy классические №3 | D78: =IFERROR(__xludf.DUMMYFUNCTION("""COMPUTED_VALUE"""),"Презервативы Playboy классические №3 ш/к 7640162322119") -> Презервативы Playboy классические №3 ш/к 7640162322119 | E78: =IFERROR(__xludf.DUMMYFUNCTION("""COMPUTED_VALUE"""),"шт") -> шт | F78: =IFERROR(__xludf.DUMMYFUNCTION("""COMPUTED_VALUE"""),"AST00000153") -> AST00000153 | G78: =IFERROR(__xludf.DUMMYFUNCTION("""COMPUTED_VALUE"""),7640162322119) -> 7640162322119 | H78: =IFERROR(__xludf.DUMMYFUNCTION("""COMPUTED_VALUE"""),"XL/XXL") -> XL/XXL
A79: =IFERROR(__xludf.DUMMYFUNCTION("""COMPUTED_VALUE"""),7640162322140) -> 7640162322140 | B79: =IFERROR(__xludf.DUMMYFUNCTION("""COMPUTED_VALUE"""),"Playboy/Класичні/6") -> Playboy/Класичні/6 | C79: =IFERROR(__xludf.DUMMYFUNCTION("""COMPUTED_VALUE"""),"Презервативы Playboy классические №6") -> Презервативы Playboy классические №6 | D79: =IFERROR(__xludf.DUMMYFUNCTION("""COMPUTED_VALUE"""),"Презервативы Playboy классические №6 ш/к 7640162322140") -> Презервативы Playboy классические №6 ш/к 7640162322140 | E79: =IFERROR(__xludf.DUMMYFUNCTION("""COMPUTED_VALUE"""),"шт") -> шт | F79: =IFERROR(__xludf.DUMMYFUNCTION("""COMPUTED_VALUE"""),"AST00000154") -> AST00000154 | G79: =IFERROR(__xludf.DUMMYFUNCTION("""COMPUTED_VALUE"""),7640162322140) -> 7640162322140 | H79: =IFERROR(__xludf.DUMMYFUNCTION("""COMPUTED_VALUE"""),"XXXL/XXXXL") -> XXXL/XXXXL
A80: =IFERROR(__xludf.DUMMYFUNCTION("""COMPUTED_VALUE"""),7640162322171) -> 7640162322171 | B80: =IFERROR(__xludf.DUMMYFUNCTION("""COMPUTED_VALUE"""),"Playboy/Надтон/3") -> Playboy/Надтон/3 | C80: =IFERROR(__xludf.DUMMYFUNCTION("""COMPUTED_VALUE"""),"Презервативы Playboy ультратонкие №3") -> Презервативы Playboy ультратонкие №3 | D80: =IFERROR(__xludf.DUMMYFUNCTION("""COMPUTED_VALUE"""),"Презервативы Playboy ультратонкие №3 ш/к 7640162322171") -> Презервативы Playboy ультратонкие №3 ш/к 7640162322171 | E80: =IFERROR(__xludf.DUMMYFUNCTION("""COMPUTED_VALUE"""),"шт") -> шт | F80: =IFERROR(__xludf.DUMMYFUNCTION("""COMPUTED_VALUE"""),"AST00000157") -> AST00000157 | G80: =IFERROR(__xludf.DUMMYFUNCTION("""COMPUTED_VALUE"""),7640162322171) -> 7640162322171 | H80: =IFERROR(__xludf.DUMMYFUNCTION("""COMPUTED_VALUE"""),"M/L") -> M/L
A81: =IFERROR(__xludf.DUMMYFUNCTION("""COMPUTED_VALUE"""),7640162322201) -> 7640162322201 | B81: =IFERROR(__xludf.DUMMYFUNCTION("""COMPUTED_VALUE"""),"Playboy/Надтон/6") -> Playboy/Надтон/6 | C81: =IFERROR(__xludf.DUMMYFUNCTION("""COMPUTED_VALUE"""),"Презервативы Playboy ультратонкие №6") -> Презервативы Playboy ультратонкие №6 | D81: =IFERROR(__xludf.DUMMYFUNCTION("""COMPUTED_VALUE"""),"Презервативы Playboy ультратонкие №6 ш/к 7640162322201") -> Презервативы Playboy ультратонкие №6 ш/к 7640162322201 | E81: =IFERROR(__xludf.DUMMYFUNCTION("""COMPUTED_VALUE"""),"шт") -> шт | F81: =IFERROR(__xludf.DUMMYFUNCTION("""COMPUTED_VALUE"""),"AST00000159") -> AST00000159 | G81: =IFERROR(__xludf.DUMMYFUNCTION("""COMPUTED_VALUE"""),7640162322201) -> 7640162322201 | H81: =IFERROR(__xludf.DUMMYFUNCTION("""COMPUTED_VALUE"""),"XL/XXL") -> XL/XXL
A82: =IFERROR(__xludf.DUMMYFUNCTION("""COMPUTED_VALUE"""),7640162322232) -> 7640162322232 | B82: =IFERROR(__xludf.DUMMYFUNCTION("""COMPUTED_VALUE"""),"Playboy/Три в одному/3") -> Playboy/Три в одному/3 | C82: =IFERROR(__xludf.DUMMYFUNCTION("""COMPUTED_VALUE"""),"Презервативы Playboy 3 в 1 №3") -> Презервативы Playboy 3 в 1 №3 | D82: =IFERROR(__xludf.DUMMYFUNCTION("""COMPUTED_VALUE"""),"Презервативы Playboy 3 в 1 №3 ш/к 7640162322232") -> Презервативы Playboy 3 в 1 №3 ш/к 7640162322232 | E82: =IFERROR(__xludf.DUMMYFUNCTION("""COMPUTED_VALUE"""),"шт") -> шт | F82: =IFERROR(__xludf.DUMMYFUNCTION("""COMPUTED_VALUE"""),"AST00000155") -> AST00000155 | G82: =IFERROR(__xludf.DUMMYFUNCTION("""COMPUTED_VALUE"""),7640162322232) -> 7640162322232 | H82: =IFERROR(__xludf.DUMMYFUNCTION("""COMPUTED_VALUE"""),"XS/S") -> XS/S
A83: =IFERROR(__xludf.DUMMYFUNCTION("""COMPUTED_VALUE"""),7640162322263) -> 7640162322263 | B83: =IFERROR(__xludf.DUMMYFUNCTION("""COMPUTED_VALUE"""),"Playboy/Три в одному/6") -> Playboy/Три в одному/6 | C83: =IFERROR(__xludf.DUMMYFUNCTION("""COMPUTED_VALUE"""),"Презервативы Playboy 3 в 1 №6") -> Презервативы Playboy 3 в 1 №6 | D83: =IFERROR(__xludf.DUMMYFUNCTION("""COMPUTED_VALUE"""),"Презервативы Playboy 3 в 1 №6 ш/к 7640162322263") -> Презервативы Playboy 3 в 1 №6 ш/к 7640162322263 | E83: =IFERROR(__xludf.DUMMYFUNCTION("""COMPUTED_VALUE"""),"шт") -> шт | F83: =IFERROR(__xludf.DUMMYFUNCTION("""COMPUTED_VALUE"""),"AST00000156") -> AST00000156 | G83: =IFERROR(__xludf.DUMMYFUNCTION("""COMPUTED_VALUE"""),7640162322263) -> 7640162322263 | H83: =IFERROR(__xludf.DUMMYFUNCTION("""COMPUTED_VALUE"""),"XXXL/XXXXL") -> XXXL/XXXXL
A84: =IFERROR(__xludf.DUMMYFUNCTION("""COMPUTED_VALUE"""),"Акция Bionime") -> Акция Bionime | H84: =IFERROR(__xludf.DUMMYFUNCTION("""COMPUTED_VALUE"""),"L") -> L
A85: =IFERROR(__xludf.DUMMYFUNCTION("""COMPUTED_VALUE"""),77196) -> 77196 | B85: =IFERROR(__xludf.DUMMYFUNCTION("""COMPUTED_VALUE"""),"1 GM+1 GS") -> 1 GM+1 GS | C85: =IFERROR(__xludf.DUMMYFUNCTION("""COMPUTED_VALUE"""),"Глюкометр BIONIME GM 300 + 1Тест-полоски BIONIME GS 300") -> Глюкометр BIONIME GM 300 + 1Тест-полоски BIONIME GS 300 | D85: =IFERROR(__xludf.DUMMYFUNCTION("""COMPUTED_VALUE"""),"Глюкометр BIONIME GM 300 + 1Тест-полоски BIONIME GS 300") -> Глюкометр BIONIME GM 300 + 1Тест-полоски BIONIME GS 300 | E85: =IFERROR(__xludf.DUMMYFUNCTION("""COMPUTED_VALUE"""),"шт") -> шт | F85: =IFERROR(__xludf.DUMMYFUNCTION("""COMPUTED_VALUE"""),77000000547) -> 77000000547 | G85: =IFERROR(__xludf.DUMMYFUNCTION("""COMPUTED_VALUE"""),77196) -> 77196 | H85: =IFERROR(__xludf.DUMMYFUNCTION("""COMPUTED_VALUE"""),"M") -> M
A86: =IFERROR(__xludf.DUMMYFUNCTION("""COMPUTED_VALUE"""),77222) -> 77222 | B86: =IFERROR(__xludf.DUMMYFUNCTION("""COMPUTED_VALUE"""),"1+1") -> 1+1 | C86: =IFERROR(__xludf.DUMMYFUNCTION("""COMPUTED_VALUE"""),"Тест полоски Bionime + глюкометр Bionime") -> Тест полоски Bionime + глюкометр Bionime | D86: =IFERROR(__xludf.DUMMYFUNCTION("""COMPUTED_VALUE"""),"Тест полоски Bionime + глюкометр Bionime без тест-полосок") -> Тест полоски Bionime + глюкометр Bionime без тест-полосок | E86: =IFERROR(__xludf.DUMMYFUNCTION("""COMPUTED_VALUE"""),"шт") -> шт | F86: =IFERROR(__xludf.DUMMYFUNCTION("""COMPUTED_VALUE"""),"AST00000121") -> AST00000121 | G86: =IFERROR(__xludf.DUMMYFUNCTION("""COMPUTED_VALUE"""),77222) -> 77222 | H86: =IFERROR(__xludf.DUMMYFUNCTION("""COMPUTED_VALUE"""),"XL") -> XL
A87: =IFERROR(__xludf.DUMMYFUNCTION("""COMPUTED_VALUE"""),77221) -> 77221 | B87: =IFERROR(__xludf.DUMMYFUNCTION("""COMPUTED_VALUE"""),"2+1") -> 2+1 | C87: =IFERROR(__xludf.DUMMYFUNCTION("""COMPUTED_VALUE"""),"2 Тест полоски Bionime + глюкометр Bionime") -> 2 Тест полоски Bionime + глюкометр Bionime | D87: =IFERROR(__xludf.DUMMYFUNCTION("""COMPUTED_VALUE"""),"2 Тест полоски Bionime + глюкометр Bionime") -> 2 Тест полоски Bionime + глюкометр Bionime | E87: =IFERROR(__xludf.DUMMYFUNCTION("""COMPUTED_VALUE"""),"шт") -> шт | F87: =IFERROR(__xludf.DUMMYFUNCTION("""COMPUTED_VALUE"""),"AST00000120") -> AST00000120 | G87: =IFERROR(__xludf.DUMMYFUNCTION("""COMPUTED_VALUE"""),77221) -> 77221 | H87: =IFERROR(__xludf.DUMMYFUNCTION("""COMPUTED_VALUE"""),"XXL") -> XXL
A88: =IFERROR(__xludf.DUMMYFUNCTION("""COMPUTED_VALUE"""),77376) -> 77376 | B88: =IFERROR(__xludf.DUMMYFUNCTION("""COMPUTED_VALUE"""),"3+1") -> 3+1 | C88: =IFERROR(__xludf.DUMMYFUNCTION("""COMPUTED_VALUE"""),"3 Тест полоски Bionime + глюкометр Bionime") -> 3 Тест полоски Bionime + глюкометр Bionime | D88: =IFERROR(__xludf.DUMMYFUNCTION("""COMPUTED_VALUE"""),"3 Тест полоски Bionime + глюкометр Bionime") -> 3 Тест полоски Bionime + глюкометр Bionime | E88: =IFERROR(__xludf.DUMMYFUNCTION("""COMPUTED_VALUE"""),"шт") -> шт | F88: =IFERROR(__xludf.DUMMYFUNCTION("""COMPUTED_VALUE"""),"AST00000318") -> AST00000318 | G88: =IFERROR(__xludf.DUMMYFUNCTION("""COMPUTED_VALUE"""),77376) -> 77376 | H88: =IFERROR(__xludf.DUMMYFUNCTION("""COMPUTED_VALUE"""),"XXXL") -> XXXL
A89: =IFERROR(__xludf.DUMMYFUNCTION("""COMPUTED_VALUE"""),77024) -> 77024 | B89: =IFERROR(__xludf.DUMMYFUNCTION("""COMPUTED_VALUE"""),"Bionime 2+1 GM550") -> Bionime 2+1 GM550 | C89: =IFERROR(__xludf.DUMMYFUNCTION("""COMPUTED_VALUE"""),"2 Тест-полоски Bionime GS 550 № 50 + Глюкометр Bionime Rightest: GM550 в подарок") -> 2 Тест-полоски Bionime GS 550 № 50 + Глюкометр Bionime Rightest: GM550 в подарок | D89: =IFERROR(__xludf.DUMMYFUNCTION("""COMPUTED_VALUE"""),"При покупке двух тест-полосок Bionime GS 550, глюкометр Bionime GM 550 в подарок") -> При покупке двух тест-полосок Bionime GS 550, глюкометр Bionime GM 550 в подарок | E89: =IFERROR(__xludf.DUMMYFUNCTION("""COMPUTED_VALUE"""),"шт") -> шт | F89: =IFERROR(__xludf.DUMMYFUNCTION("""COMPUTED_VALUE"""),"AST00000491") -> AST00000491 | G89: =IFERROR(__xludf.DUMMYFUNCTION("""COMPUTED_VALUE"""),77024) -> 77024 | H89: =IFERROR(__xludf.DUMMYFUNCTION("""COMPUTED_VALUE"""),"L") -> L
A90: =IFERROR(__xludf.DUMMYFUNCTION("""COMPUTED_VALUE"""),77111) -> 77111 | B90: =IFERROR(__xludf.DUMMYFUNCTION("""COMPUTED_VALUE"""),"Bionime 2+1-50%") -> Bionime 2+1-50% | C90: =IFERROR(__xludf.DUMMYFUNCTION("""COMPUTED_VALUE"""),"2 Тест-полоски Bionime GS 550 № 50 + Глюкометр Bionime Rightest: GM550 50%") -> 2 Тест-полоски Bionime GS 550 № 50 + Глюкометр Bionime Rightest: GM550 50% | D90: =IFERROR(__xludf.DUMMYFUNCTION("""COMPUTED_VALUE"""),"При покупке двух тест-полосок Bionime GS 550, глюкометр Bionime GM 550 со скидкой 50%") -> При покупке двух тест-полосок Bionime GS 550, глюкометр Bionime GM 550 со скидкой 50% | E90: =IFERROR(__xludf.DUMMYFUNCTION("""COMPUTED_VALUE"""),"шт") -> шт | F90: =IFERROR(__xludf.DUMMYFUNCTION("""COMPUTED_VALUE"""),"AST00000349") -> AST00000349 | G90: =IFERROR(__xludf.DUMMYFUNCTION("""COMPUTED_VALUE"""),77111) -> 77111 | H90: =IFERROR(__xludf.DUMMYFUNCTION("""COMPUTED_VALUE"""),"M") -> M
A91: =IFERROR(__xludf.DUMMYFUNCTION("""COMPUTED_VALUE"""),77110) -> 77110 | B91: =IFERROR(__xludf.DUMMYFUNCTION("""COMPUTED_VALUE"""),"GM+2 GS") -> GM+2 GS | C91: =IFERROR(__xludf.DUMMYFUNCTION("""COMPUTED_VALUE"""),"Глюкометр BIONEMI GM 300 + 2 Тест-полоски BIONIME GS 300") -> Глюкометр BIONEMI GM 300 + 2 Тест-полоски BIONIME GS 300 | D91: =IFERROR(__xludf.DUMMYFUNCTION("""COMPUTED_VALUE"""),"Глюкометр BIONEMI GM 300 + 2 Тест-полоски BIONIME GS 300") -> Глюкометр BIONEMI GM 300 + 2 Тест-полоски BIONIME GS 300 | E91: =IFERROR(__xludf.DUMMYFUNCTION("""COMPUTED_VALUE"""),"шт") -> шт | F91: =IFERROR(__xludf.DUMMYFUNCTION("""COMPUTED_VALUE"""),77000000540) -> 77000000540 | G91: =IFERROR(__xludf.DUMMYFUNCTION("""COMPUTED_VALUE"""),77110) -> 77110 | H91: =IFERROR(__xludf.DUMMYFUNCTION("""COMPUTED_VALUE"""),"S") -> S
A92: =IFERROR(__xludf.DUMMYFUNCTION("""COMPUTED_VALUE"""),77058) -> 77058 | B92: =IFERROR(__xludf.DUMMYFUNCTION("""COMPUTED_VALUE"""),"GM550-Old + GS550") -> GM550-Old + GS550 | C92: =IFERROR(__xludf.DUMMYFUNCTION("""COMPUTED_VALUE"""),"Глюкометр без тест полосок BIONIME GM 550 + Тест-полоски BIONIME GS 550") -> Глюкометр без тест полосок BIONIME GM 550 + Тест-полоски BIONIME GS 550 | D92: =IFERROR(__xludf.DUMMYFUNCTION("""COMPUTED_VALUE"""),"Система контроля уровня глюкозы в крови Bionime Rightest: GM550 (без тест полосок) + GS550 (50)Тест-полоски для контроля уровня глюкозы в крови Bionime Rightest GS 550 № 50") -> Система контроля уровня глюкозы в крови Bionime Rightest: GM550 (без тест полосок) + GS550 (50)Тест-полоски для контроля уровня глюкозы в крови Bionime Rightest GS 550 № 50 | E92: =IFERROR(__xludf.DUMMYFUNCTION("""COMPUTED_VALUE"""),"шт") -> шт | F92: =IFERROR(__xludf.DUMMYFUNCTION("""COMPUTED_VALUE"""),"AST00000551") -> AST00000551 | G92: =IFERROR(__xludf.DUMMYFUNCTION("""COMPUTED_VALUE"""),77058) -> 77058 | H92: =IFERROR(__xludf.DUMMYFUNCTION("""COMPUTED_VALUE"""),"XL") -> XL
A93: =IFERROR(__xludf.DUMMYFUNCTION("""COMPUTED_VALUE"""),"Бандажи Болгария") -> Бандажи Болгария | H93: =IFERROR(__xludf.DUMMYFUNCTION("""COMPUTED_VALUE"""),"XXL") -> XXL
A94: =IFERROR(__xludf.DUMMYFUNCTION("""COMPUTED_VALUE"""),3800232480000) -> 3800232480000 | B94: =IFERROR(__xludf.DUMMYFUNCTION("""COMPUTED_VALUE"""),"1001 I(S)_BG") -> 1001 I(S)_BG | C94: =IFERROR(__xludf.DUMMYFUNCTION("""COMPUTED_VALUE"""),"Бандаж на шейный отдел позвоночника мягкой фиксацией 1001 I(S) (Болгария)") -> Бандаж на шейный отдел позвоночника мягкой фиксацией 1001 I(S) (Болгария) | D94: =IFERROR(__xludf.DUMMYFUNCTION("""COMPUTED_VALUE"""),"Бандаж на шейный отдел позвоночника мягкой фиксацией 1001 I(S) (Болгария) ш/к 3800232480000") -> Бандаж на шейный отдел позвоночника мягкой фиксацией 1001 I(S) (Болгария) ш/к 3800232480000 | E94: =IFERROR(__xludf.DUMMYFUNCTION("""COMPUTED_VALUE"""),"шт") -> шт | F94: =IFERROR(__xludf.DUMMYFUNCTION("""COMPUTED_VALUE"""),"AST00000166") -> AST00000166 | G94: =IFERROR(__xludf.DUMMYFUNCTION("""COMPUTED_VALUE"""),3800232480000) -> 3800232480000 | H94: =IFERROR(__xludf.DUMMYFUNCTION("""COMPUTED_VALUE"""),"M/L") -> M/L
A95: =IFERROR(__xludf.DUMMYFUNCTION("""COMPUTED_VALUE"""),3800232480017) -> 3800232480017 | B95: =IFERROR(__xludf.DUMMYFUNCTION("""COMPUTED_VALUE"""),"1001 II(M)_BG") -> 1001 II(M)_BG | C95: =IFERROR(__xludf.DUMMYFUNCTION("""COMPUTED_VALUE"""),"Бандаж на шейный отдел позвоночника мягкой фиксацией 1001 II(M) (Болгария)") -> Бандаж на шейный отдел позвоночника мягкой фиксацией 1001 II(M) (Болгария) | D95: =IFERROR(__xludf.DUMMYFUNCTION("""COMPUTED_VALUE"""),"Бандаж на шейный отдел позвоночника мягкой фиксацией 1001 II(M) (Болгария) ш/к 3800232480017") -> Бандаж на шейный отдел позвоночника мягкой фиксацией 1001 II(M) (Болгария) ш/к 3800232480017 | E95: =IFERROR(__xludf.DUMMYFUNCTION("""COMPUTED_VALUE"""),"шт") -> шт | F95: =IFERROR(__xludf.DUMMYFUNCTION("""COMPUTED_VALUE"""),"AST00000167") -> AST00000167 | G95: =IFERROR(__xludf.DUMMYFUNCTION("""COMPUTED_VALUE"""),3800232480017) -> 3800232480017 | H95: =IFERROR(__xludf.DUMMYFUNCTION("""COMPUTED_VALUE"""),"XL/XXL") -> XL/XXL
A96: =IFERROR(__xludf.DUMMYFUNCTION("""COMPUTED_VALUE"""),3800232480024) -> 3800232480024 | B96: =IFERROR(__xludf.DUMMYFUNCTION("""COMPUTED_VALUE"""),"1001 III(L)_BG") -> 1001 III(L)_BG | C96: =IFERROR(__xludf.DUMMYFUNCTION("""COMPUTED_VALUE"""),"Бандаж на шейный отдел позвоночника мягкой фиксацией 1001 III(L) (Болгария)") -> Бандаж на шейный отдел позвоночника мягкой фиксацией 1001 III(L) (Болгария) | D96: =IFERROR(__xludf.DUMMYFUNCTION("""COMPUTED_VALUE"""),"Бандаж на шейный отдел позвоночника мягкой фиксацией 1001 III(L) (Болгария) ш/к 3800232480024") -> Бандаж на шейный отдел позвоночника мягкой фиксацией 1001 III(L) (Болгария) ш/к 3800232480024 | E96: =IFERROR(__xludf.DUMMYFUNCTION("""COMPUTED_VALUE"""),"шт") -> шт | F96: =IFERROR(__xludf.DUMMYFUNCTION("""COMPUTED_VALUE"""),"AST00000258") -> AST00000258 | G96: =IFERROR(__xludf.DUMMYFUNCTION("""COMPUTED_VALUE"""),3800232480024) -> 3800232480024 | H96: =IFERROR(__xludf.DUMMYFUNCTION("""COMPUTED_VALUE"""),"XS/S") -> XS/S
A97: =IFERROR(__xludf.DUMMYFUNCTION("""COMPUTED_VALUE"""),3800232480086) -> 3800232480086 | B97: =IFERROR(__xludf.DUMMYFUNCTION("""COMPUTED_VALUE"""),"1005 I(S)_BG") -> 1005 I(S)_BG | C97: =IFERROR(__xludf.DUMMYFUNCTION("""COMPUTED_VALUE"""),"Бандаж на шейный отдел позвоночника мягкой фиксацией с жесткой вставкой 1005 I(S)") -> Бандаж на шейный отдел позвоночника мягкой фиксацией с жесткой вставкой 1005 I(S) | D97: =IFERROR(__xludf.DUMMYFUNCTION("""COMPUTED_VALUE"""),"Бандаж на шейный отдел позвоночника мягкой фиксацией с жесткой вставкой 1005 I(S) (Болгария) ш/к 3800232480086") -> Бандаж на шейный отдел позвоночника мягкой фиксацией с жесткой вставкой 1005 I(S) (Болгария) ш/к 3800232480086 | E97: =IFERROR(__xludf.DUMMYFUNCTION("""COMPUTED_VALUE"""),"шт") -> шт | F97: =IFERROR(__xludf.DUMMYFUNCTION("""COMPUTED_VALUE"""),"AST00000169") -> AST00000169 | G97: =IFERROR(__xludf.DUMMYFUNCTION("""COMPUTED_VALUE"""),3800232480086) -> 3800232480086 | H97: =IFERROR(__xludf.DUMMYFUNCTION("""COMPUTED_VALUE"""),"XXXL/XXXXL") -> XXXL/XXXXL
A98: =IFERROR(__xludf.DUMMYFUNCTION("""COMPUTED_VALUE"""),3800232480093) -> 3800232480093 | B98: =IFERROR(__xludf.DUMMYFUNCTION("""COMPUTED_VALUE"""),"1005 II(M)_BG") -> 1005 II(M)_BG | C98: =IFERROR(__xludf.DUMMYFUNCTION("""COMPUTED_VALUE"""),"Бандаж на шейный отдел позвоночника мягкой фиксацией с жесткой вставкой 1005 II(M)") -> Бандаж на шейный отдел позвоночника мягкой фиксацией с жесткой вставкой 1005 II(M) | D98: =IFERROR(__xludf.DUMMYFUNCTION("""COMPUTED_VALUE"""),"Бандаж на шейный отдел позвоночника мягкой фиксацией с жесткой вставкой 1005 II(M) (Болгария) ш/к 3800232480093") -> Бандаж на шейный отдел позвоночника мягкой фиксацией с жесткой вставкой 1005 II(M) (Болгария) ш/к 3800232480093 | E98: =IFERROR(__xludf.DUMMYFUNCTION("""COMPUTED_VALUE"""),"шт") -> шт | F98: =IFERROR(__xludf.DUMMYFUNCTION("""COMPUTED_VALUE"""),"AST00000170") -> AST00000170 | G98: =IFERROR(__xludf.DUMMYFUNCTION("""COMPUTED_VALUE"""),3800232480093) -> 3800232480093 | H98: =IFERROR(__xludf.DUMMYFUNCTION("""COMPUTED_VALUE"""),"L") -> L
A99: =IFERROR(__xludf.DUMMYFUNCTION("""COMPUTED_VALUE"""),3800232480109) -> 3800232480109 | B99: =IFERROR(__xludf.DUMMYFUNCTION("""COMPUTED_VALUE"""),"1005 III(L)_BG") -> 1005 III(L)_BG | C99: =IFERROR(__xludf.DUMMYFUNCTION("""COMPUTED_VALUE"""),"Бандаж на шейный отдел позвоночника мягкой фиксацией с жесткой вставкой 1005 III(L)") -> Бандаж на шейный отдел позвоночника мягкой фиксацией с жесткой вставкой 1005 III(L) | D99: =IFERROR(__xludf.DUMMYFUNCTION("""COMPUTED_VALUE"""),"Бандаж на шейный отдел позвоночника мягкой фиксацией с жесткой вставкой 1005 III(L) (Болгария) ш/к 3800232480109") -> Бандаж на шейный отдел позвоночника мягкой фиксацией с жесткой вставкой 1005 III(L) (Болгария) ш/к 3800232480109 | E99: =IFERROR(__xludf.DUMMYFUNCTION("""COMPUTED_VALUE"""),"шт") -> шт | F99: =IFERROR(__xludf.DUMMYFUNCTION("""COMPUTED_VALUE"""),"AST00000259") -> AST00000259 | G99: =IFERROR(__xludf.DUMMYFUNCTION("""COMPUTED_VALUE"""),3800232480109) -> 3800232480109 | H99: =IFERROR(__xludf.DUMMYFUNCTION("""COMPUTED_VALUE"""),"M") -> M
A100: =IFERROR(__xludf.DUMMYFUNCTION("""COMPUTED_VALUE"""),3800232480161) -> 3800232480161 | B100: =IFERROR(__xludf.DUMMYFUNCTION("""COMPUTED_VALUE"""),"2005 L_BG") -> 2005 L_BG | C100: =IFERROR(__xludf.DUMMYFUNCTION("""COMPUTED_VALUE"""),"Реклинатор (корректор осанки) детский 2005 L (Болгария)") -> Реклинатор (корректор осанки) детский 2005 L (Болгария) | D100: =IFERROR(__xludf.DUMMYFUNCTION("""COMPUTED_VALUE"""),"Реклинатор (корректор осанки) детский 2005 L (Болгария) ш/к 3800232480161") -> Реклинатор (корректор осанки) детский 2005 L (Болгария) ш/к 3800232480161 | E100: =IFERROR(__xludf.DUMMYFUNCTION("""COMPUTED_VALUE"""),"шт") -> шт | F100: =IFERROR(__xludf.DUMMYFUNCTION("""COMPUTED_VALUE"""),"AST00000172") -> AST00000172 | G100: =IFERROR(__xludf.DUMMYFUNCTION("""COMPUTED_VALUE"""),3800232480161) -> 3800232480161 | H100: =IFERROR(__xludf.DUMMYFUNCTION("""COMPUTED_VALUE"""),"S") -> S
...

Sheet LOT
A1: Краткое наименование | B1: № сертификата | C1: Действителен | D1: LOT
A2: =IFERROR(__xludf.DUMMYFUNCTION("IMPORTRANGE(""1qptHSRGmBGpZ2a-3Sl03VuQVlQVTlolfenhhSjzQQ7U/edit#gid=490982906"",""LOT!A2:H"")"),"Бандаж на шейный отдел позвоночника мягкой фиксацией 1001 I(S) (Болгария)") -> Бандаж на шейный отдел позвоночника мягкой фиксацией 1001 I(S) (Болгария) | B2: =IFERROR(__xludf.DUMMYFUNCTION("""COMPUTED_VALUE"""),"KZ.7100.01.01.00501816") -> KZ.7100.01.01.00501816 | C2: =IFERROR(__xludf.DUMMYFUNCTION("""COMPUTED_VALUE"""),"Действителен до 01.03.2022") -> Действителен до 01.03.2022 | D2: =IFERROR(__xludf.DUMMYFUNCTION("""COMPUTED_VALUE"""),"0217069KZ42") -> 0217069KZ42 | E2: =IFERROR(__xludf.DUMMYFUNCTION("""COMPUTED_VALUE"""),"годен до 01 03 2022 г.") -> годен до 01 03 2022 г. | F2: =IFERROR(__xludf.DUMMYFUNCTION("""COMPUTED_VALUE"""),"Бандаж на шейный отдел позвоночника мягкой фиксацией 1001 I(S) (Болгария) - 0217069KZ42") -> Бандаж на шейный отдел позвоночника мягкой фиксацией 1001 I(S) (Болгария) - 0217069KZ42 | G2: =IFERROR(__xludf.DUMMYFUNCTION("""COMPUTED_VALUE"""),"KZ.7100.01.01.00501816 / Действителен до 01.03.2022 / 0217069KZ42 / годен до 01 03 2022 г.") -> KZ.7100.01.01.00501816 / Действителен до 01.03.2022 / 0217069KZ42 / годен до 01 03 2022 г. | H2: =IFERROR(__xludf.DUMMYFUNCTION("""COMPUTED_VALUE"""),"Бандаж на шейный отдел позвоночника мягкой фиксацией 1001 I(S) (Болгария) KZ.7100.01.01.00501816 / Действителен до 01.03.2022 / 0217069KZ42 / годен до 01 03 2022 г.") -> Бандаж на шейный отдел позвоночника мягкой фиксацией 1001 I(S) (Болгария) KZ.7100.01.01.00501816 / Действителен до 01.03.2022 / 0217069KZ42 / годен до 01 03 2022 г.
A3: =IFERROR(__xludf.DUMMYFUNCTION("""COMPUTED_VALUE"""),"Бандаж на шейный отдел позвоночника мягкой фиксацией 1001 II(M) (Болгария)") -> Бандаж на шейный отдел позвоночника мягкой фиксацией 1001 II(M) (Болгария) | B3: =IFERROR(__xludf.DUMMYFUNCTION("""COMPUTED_VALUE"""),"KZ.7100.01.01.00501816") -> KZ.7100.01.01.00501816 | C3: =IFERROR(__xludf.DUMMYFUNCTION("""COMPUTED_VALUE"""),"Действителен до 01.03.2022") -> Действителен до 01.03.2022 | D3: =IFERROR(__xludf.DUMMYFUNCTION("""COMPUTED_VALUE"""),"0217069KZ42") -> 0217069KZ42 | E3: =IFERROR(__xludf.DUMMYFUNCTION("""COMPUTED_VALUE"""),"годен до 01 03 2022 г.") -> годен до 01 03 2022 г. | F3: =IFERROR(__xludf.DUMMYFUNCTION("""COMPUTED_VALUE"""),"Бандаж на шейный отдел позвоночника мягкой фиксацией 1001 II(M) (Болгария) - 0217069KZ42") -> Бандаж на шейный отдел позвоночника мягкой фиксацией 1001 II(M) (Болгария) - 0217069KZ42 | G3: =IFERROR(__xludf.DUMMYFUNCTION("""COMPUTED_VALUE"""),"KZ.7100.01.01.00501816 / Действителен до 01.03.2022 / 0217069KZ42 / годен до 01 03 2022 г.") -> KZ.7100.01.01.00501816 / Действителен до 01.03.2022 / 0217069KZ42 / годен до 01 03 2022 г. | H3: =IFERROR(__xludf.DUMMYFUNCTION("""COMPUTED_VALUE"""),"Бандаж на шейный отдел позвоночника мягкой фиксацией 1001 II(M) (Болгария) KZ.7100.01.01.00501816 / Действителен до 01.03.2022 / 0217069KZ42 / годен до 01 03 2022 г.") -> Бандаж на шейный отдел позвоночника мягкой фиксацией 1001 II(M) (Болгария) KZ.7100.01.01.00501816 / Действителен до 01.03.2022 / 0217069KZ42 / годен до 01 03 2022 г.
A4: =IFERROR(__xludf.DUMMYFUNCTION("""COMPUTED_VALUE"""),"Бандаж на шейный отдел позвоночника мягкой фиксацией 1001 III(L) (Болгария)") -> Бандаж на шейный отдел позвоночника мягкой фиксацией 1001 III(L) (Болгария) | B4: =IFERROR(__xludf.DUMMYFUNCTION("""COMPUTED_VALUE"""),"KZ.7100.01.01.00501816") -> KZ.7100.01.01.00501816 | C4: =IFERROR(__xludf.DUMMYFUNCTION("""COMPUTED_VALUE"""),"Действителен до 01.03.2022") -> Действителен до 01.03.2022 | D4: =IFERROR(__xludf.DUMMYFUNCTION("""COMPUTED_VALUE"""),"0217069KZ42") -> 0217069KZ42 | E4: =IFERROR(__xludf.DUMMYFUNCTION("""COMPUTED_VALUE"""),"годен до 01 03 2022 г.") -> годен до 01 03 2022 г. | F4: =IFERROR(__xludf.DUMMYFUNCTION("""COMPUTED_VALUE"""),"Бандаж на шейный отдел позвоночника мягкой фиксацией 1001 III(L) (Болгария) - 0217069KZ42") -> Бандаж на шейный отдел позвоночника мягкой фиксацией 1001 III(L) (Болгария) - 0217069KZ42 | G4: =IFERROR(__xludf.DUMMYFUNCTION("""COMPUTED_VALUE"""),"KZ.7100.01.01.00501816 / Действителен до 01.03.2022 / 0217069KZ42 / годен до 01 03 2022 г.") -> KZ.7100.01.01.00501816 / Действителен до 01.03.2022 / 0217069KZ42 / годен до 01 03 2022 г. | H4: =IFERROR(__xludf.DUMMYFUNCTION("""COMPUTED_VALUE"""),"Бандаж на шейный отдел позвоночника мягкой фиксацией 1001 III(L) (Болгария) KZ.7100.01.01.00501816 / Действителен до 01.03.2022 / 0217069KZ42 / годен до 01 03 2022 г.") -> Бандаж на шейный отдел позвоночника мягкой фиксацией 1001 III(L) (Болгария) KZ.7100.01.01.00501816 / Действителен до 01.03.2022 / 0217069KZ42 / годен до 01 03 2022 г.
A5: =IFERROR(__xludf.DUMMYFUNCTION("""COMPUTED_VALUE"""),"Бандаж на шейный отдел позвоночника мягкой фиксацией 1001 I(S) (Болгария)") -> Бандаж на шейный отдел позвоночника мягкой фиксацией 1001 I(S) (Болгария) | B5: =IFERROR(__xludf.DUMMYFUNCTION("""COMPUTED_VALUE"""),"KZ.7100.01.01.00502589") -> KZ.7100.01.01.00502589 | C5: =IFERROR(__xludf.DUMMYFUNCTION("""COMPUTED_VALUE"""),"Действителен до 05.03.2022") -> Действителен до 05.03.2022 | D5: =IFERROR(__xludf.DUMMYFUNCTION("""COMPUTED_VALUE"""),"0417016KZ11") -> 0417016KZ11 | E5: =IFERROR(__xludf.DUMMYFUNCTION("""COMPUTED_VALUE"""),"годен до 05.03.2022") -> годен до 05.03.2022 | F5: =IFERROR(__xludf.DUMMYFUNCTION("""COMPUTED_VALUE"""),"Бандаж на шейный отдел позвоночника мягкой фиксацией 1001 I(S) (Болгария) - 0417016KZ11") -> Бандаж на шейный отдел позвоночника мягкой фиксацией 1001 I(S) (Болгария) - 0417016KZ11 | G5: =IFERROR(__xludf.DUMMYFUNCTION("""COMPUTED_VALUE"""),"KZ.7100.01.01.00502589 / Действителен до 05.03.2022 / 0417016KZ11 / годен до 05.03.2022") -> KZ.7100.01.01.00502589 / Действителен до 05.03.2022 / 0417016KZ11 / годен до 05.03.2022 | H5: =IFERROR(__xludf.DUMMYFUNCTION("""COMPUTED_VALUE"""),"Бандаж на шейный отдел позвоночника мягкой фиксацией 1001 I(S) (Болгария) KZ.7100.01.01.00502589 / Действителен до 05.03.2022 / 0417016KZ11 / годен до 05.03.2022") -> Бандаж на шейный отдел позвоночника мягкой фиксацией 1001 I(S) (Болгария) KZ.7100.01.01.00502589 / Действителен до 05.03.2022 / 0417016KZ11 / годен до 05.03.2022
A6: =IFERROR(__xludf.DUMMYFUNCTION("""COMPUTED_VALUE"""),"Бандаж на шейный отдел позвоночника мягкой фиксацией 1001 II(M) (Болгария)") -> Бандаж на шейный отдел позвоночника мягкой фиксацией 1001 II(M) (Болгария) | B6: =IFERROR(__xludf.DUMMYFUNCTION("""COMPUTED_VALUE"""),"KZ.7100.01.01.00502589") -> KZ.7100.01.01.00502589 | C6: =IFERROR(__xludf.DUMMYFUNCTION("""COMPUTED_VALUE"""),"Действителен до 05.03.2022") -> Действителен до 05.03.2022 | D6: =IFERROR(__xludf.DUMMYFUNCTION("""COMPUTED_VALUE"""),"0417016KZ11") -> 0417016KZ11 | E6: =IFERROR(__xludf.DUMMYFUNCTION("""COMPUTED_VALUE"""),"годен до 05.03.2022") -> годен до 05.03.2022 | F6: =IFERROR(__xludf.DUMMYFUNCTION("""COMPUTED_VALUE"""),"Бандаж на шейный отдел позвоночника мягкой фиксацией 1001 II(M) (Болгария) - 0417016KZ11") -> Бандаж на шейный отдел позвоночника мягкой фиксацией 1001 II(M) (Болгария) - 0417016KZ11 | G6: =IFERROR(__xludf.DUMMYFUNCTION("""COMPUTED_VALUE"""),"KZ.7100.01.01.00502589 / Действителен до 05.03.2022 / 0417016KZ11 / годен до 05.03.2022") -> KZ.7100.01.01.00502589 / Действителен до 05.03.2022 / 0417016KZ11 / годен до 05.03.2022 | H6: =IFERROR(__xludf.DUMMYFUNCTION("""COMPUTED_VALUE"""),"Бандаж на шейный отдел позвоночника мягкой фиксацией 1001 II(M) (Болгария) KZ.7100.01.01.00502589 / Действителен до 05.03.2022 / 0417016KZ11 / годен до 05.03.2022") -> Бандаж на шейный отдел позвоночника мягкой фиксацией 1001 II(M) (Болгария) KZ.7100.01.01.00502589 / Действителен до 05.03.2022 / 0417016KZ11 / годен до 05.03.2022
A7: =IFERROR(__xludf.DUMMYFUNCTION("""COMPUTED_VALUE"""),"Бандаж на шейный отдел позвоночника мягкой фиксацией 1001 III(L) (Болгария)") -> Бандаж на шейный отдел позвоночника мягкой фиксацией 1001 III(L) (Болгария) | B7: =IFERROR(__xludf.DUMMYFUNCTION("""COMPUTED_VALUE"""),"KZ.7100.01.01.00502589") -> KZ.7100.01.01.00502589 | C7: =IFERROR(__xludf.DUMMYFUNCTION("""COMPUTED_VALUE"""),"Действителен до 05.03.2022") -> Действителен до 05.03.2022 | D7: =IFERROR(__xludf.DUMMYFUNCTION("""COMPUTED_VALUE"""),"0417016KZ11") -> 0417016KZ11 | E7: =IFERROR(__xludf.DUMMYFUNCTION("""COMPUTED_VALUE"""),"годен до 05.03.2022") -> годен до 05.03.2022 | F7: =IFERROR(__xludf.DUMMYFUNCTION("""COMPUTED_VALUE"""),"Бандаж на шейный отдел позвоночника мягкой фиксацией 1001 III(L) (Болгария) - 0417016KZ11") -> Бандаж на шейный отдел позвоночника мягкой фиксацией 1001 III(L) (Болгария) - 0417016KZ11 | G7: =IFERROR(__xludf.DUMMYFUNCTION("""COMPUTED_VALUE"""),"KZ.7100.01.01.00502589 / Действителен до 05.03.2022 / 0417016KZ11 / годен до 05.03.2022") -> KZ.7100.01.01.00502589 / Действителен до 05.03.2022 / 0417016KZ11 / годен до 05.03.2022 | H7: =IFERROR(__xludf.DUMMYFUNCTION("""COMPUTED_VALUE"""),"Бандаж на шейный отдел позвоночника мягкой фиксацией 1001 III(L) (Болгария) KZ.7100.01.01.00502589 / Действителен до 05.03.2022 / 0417016KZ11 / годен до 05.03.2022") -> Бандаж на шейный отдел позвоночника мягкой фиксацией 1001 III(L) (Болгария) KZ.7100.01.01.00502589 / Действителен до 05.03.2022 / 0417016KZ11 / годен до 05.03.2022
A8: =IFERROR(__xludf.DUMMYFUNCTION("""COMPUTED_VALUE"""),"Бандаж на шейный отдел позвоночника мягкой фиксацией 1001 I(S) (Болгария)") -> Бандаж на шейный отдел позвоночника мягкой фиксацией 1001 I(S) (Болгария) | B8: =IFERROR(__xludf.DUMMYFUNCTION("""COMPUTED_VALUE"""),"KZ.7100.01.01.00503695") -> KZ.7100.01.01.00503695 | C8: =IFERROR(__xludf.DUMMYFUNCTION("""COMPUTED_VALUE"""),"Действителен до 21.06.2022") -> Действителен до 21.06.2022 | D8: =IFERROR(__xludf.DUMMYFUNCTION("""COMPUTED_VALUE"""),"0617041KZ30") -> 0617041KZ30 | E8: =IFERROR(__xludf.DUMMYFUNCTION("""COMPUTED_VALUE"""),"годен до 21.06.2022") -> годен до 21.06.2022 | F8: =IFERROR(__xludf.DUMMYFUNCTION("""COMPUTED_VALUE"""),"Бандаж на шейный отдел позвоночника мягкой фиксацией 1001 I(S) (Болгария) - 0617041KZ30") -> Бандаж на шейный отдел позвоночника мягкой фиксацией 1001 I(S) (Болгария) - 0617041KZ30 | G8: =IFERROR(__xludf.DUMMYFUNCTION("""COMPUTED_VALUE"""),"KZ.7100.01.01.00503695 / Действителен до 21.06.2022 / 0617041KZ30 / годен до 21.06.2022") -> KZ.7100.01.01.00503695 / Действителен до 21.06.2022 / 0617041KZ30 / годен до 21.06.2022 | H8: =IFERROR(__xludf.DUMMYFUNCTION("""COMPUTED_VALUE"""),"Бандаж на шейный отдел позвоночника мягкой фиксацией 1001 I(S) (Болгария) KZ.7100.01.01.00503695 / Действителен до 21.06.2022 / 0617041KZ30 / годен до 21.06.2022") -> Бандаж на шейный отдел позвоночника мягкой фиксацией 1001 I(S) (Болгария) KZ.7100.01.01.00503695 / Действителен до 21.06.2022 / 0617041KZ30 / годен до 21.06.2022
A9: =IFERROR(__xludf.DUMMYFUNCTION("""COMPUTED_VALUE"""),"Бандаж на шейный отдел позвоночника мягкой фиксацией 1001 II(M) (Болгария)") -> Бандаж на шейный отдел позвоночника мягкой фиксацией 1001 II(M) (Болгария) | B9: =IFERROR(__xludf.DUMMYFUNCTION("""COMPUTED_VALUE"""),"KZ.7100.01.01.00503695") -> KZ.7100.01.01.00503695 | C9: =IFERROR(__xludf.DUMMYFUNCTION("""COMPUTED_VALUE"""),"Действителен до 21.06.2022") -> Действителен до 21.06.2022 | D9: =IFERROR(__xludf.DUMMYFUNCTION("""COMPUTED_VALUE"""),"0617041KZ30") -> 0617041KZ30 | E9: =IFERROR(__xludf.DUMMYFUNCTION("""COMPUTED_VALUE"""),"годен до 21.06.2022") -> годен до 21.06.2022 | F9: =IFERROR(__xludf.DUMMYFUNCTION("""COMPUTED_VALUE"""),"Бандаж на шейный отдел позвоночника мягкой фиксацией 1001 II(M) (Болгария) - 0617041KZ30") -> Бандаж на шейный отдел позвоночника мягкой фиксацией 1001 II(M) (Болгария) - 0617041KZ30 | G9: =IFERROR(__xludf.DUMMYFUNCTION("""COMPUTED_VALUE"""),"KZ.7100.01.01.00503695 / Действителен до 21.06.2022 / 0617041KZ30 / годен до 21.06.2022") -> KZ.7100.01.01.00503695 / Действителен до 21.06.2022 / 0617041KZ30 / годен до 21.06.2022 | H9: =IFERROR(__xludf.DUMMYFUNCTION("""COMPUTED_VALUE"""),"Бандаж на шейный отдел позвоночника мягкой фиксацией 1001 II(M) (Болгария) KZ.7100.01.01.00503695 / Действителен до 21.06.2022 / 0617041KZ30 / годен до 21.06.2022") -> Бандаж на шейный отдел позвоночника мягкой фиксацией 1001 II(M) (Болгария) KZ.7100.01.01.00503695 / Действителен до 21.06.2022 / 0617041KZ30 / годен до 21.06.2022
A10: =IFERROR(__xludf.DUMMYFUNCTION("""COMPUTED_VALUE"""),"Бандаж на шейный отдел позвоночника мягкой фиксацией 1001 III(L) (Болгария)") -> Бандаж на шейный отдел позвоночника мягкой фиксацией 1001 III(L) (Болгария) | B10: =IFERROR(__xludf.DUMMYFUNCTION("""COMPUTED_VALUE"""),"KZ.7100.01.01.00503695") -> KZ.7100.01.01.00503695 | C10: =IFERROR(__xludf.DUMMYFUNCTION("""COMPUTED_VALUE"""),"Действителен до 21.06.2022") -> Действителен до 21.06.2022 | D10: =IFERROR(__xludf.DUMMYFUNCTION("""COMPUTED_VALUE"""),"0617041KZ30") -> 0617041KZ30 | E10: =IFERROR(__xludf.DUMMYFUNCTION("""COMPUTED_VALUE"""),"годен до 21.06.2022") -> годен до 21.06.2022 | F10: =IFERROR(__xludf.DUMMYFUNCTION("""COMPUTED_VALUE"""),"Бандаж на шейный отдел позвоночника мягкой фиксацией 1001 III(L) (Болгария) - 0617041KZ30") -> Бандаж на шейный отдел позвоночника мягкой фиксацией 1001 III(L) (Болгария) - 0617041KZ30 | G10: =IFERROR(__xludf.DUMMYFUNCTION("""COMPUTED_VALUE"""),"KZ.7100.01.01.00503695 / Действителен до 21.06.2022 / 0617041KZ30 / годен до 21.06.2022") -> KZ.7100.01.01.00503695 / Действителен до 21.06.2022 / 0617041KZ30 / годен до 21.06.2022 | H10: =IFERROR(__xludf.DUMMYFUNCTION("""COMPUTED_VALUE"""),"Бандаж на шейный отдел позвоночника мягкой фиксацией 1001 III(L) (Болгария) KZ.7100.01.01.00503695 / Действителен до 21.06.2022 / 0617041KZ30 / годен до 21.06.2022") -> Бандаж на шейный отдел позвоночника мягкой фиксацией 1001 III(L) (Болгария) KZ.7100.01.01.00503695 / Действителен до 21.06.2022 / 0617041KZ30 / годен до 21.06.2022
A11: =IFERROR(__xludf.DUMMYFUNCTION("""COMPUTED_VALUE"""),"Бандаж на шейный отдел позвоночника мягкой фиксацией 1001 I(S) (Болгария)") -> Бандаж на шейный отдел позвоночника мягкой фиксацией 1001 I(S) (Болгария) | B11: =IFERROR(__xludf.DUMMYFUNCTION("""COMPUTED_VALUE"""),"KZ.7100.01.01.00506598") -> KZ.7100.01.01.00506598 | C11: =IFERROR(__xludf.DUMMYFUNCTION("""COMPUTED_VALUE"""),"Действителен до 15.11.2022") -> Действителен до 15.11.2022 | D11: =IFERROR(__xludf.DUMMYFUNCTION("""COMPUTED_VALUE"""),"1117047KZ59") -> 1117047KZ59 | E11: =IFERROR(__xludf.DUMMYFUNCTION("""COMPUTED_VALUE"""),"годен до 15.11.2022") -> годен до 15.11.2022 | F11: =IFERROR(__xludf.DUMMYFUNCTION("""COMPUTED_VALUE"""),"Бандаж на шейный отдел позвоночника мягкой фиксацией 1001 I(S) (Болгария) - 1117047KZ59") -> Бандаж на шейный отдел позвоночника мягкой фиксацией 1001 I(S) (Болгария) - 1117047KZ59 | G11: =IFERROR(__xludf.DUMMYFUNCTION("""COMPUTED_VALUE"""),"KZ.7100.01.01.00506598 / Действителен до 15.11.2022 / 1117047KZ59 / годен до 15.11.2022") -> KZ.7100.01.01.00506598 / Действителен до 15.11.2022 / 1117047KZ59 / годен до 15.11.2022 | H11: =IFERROR(__xludf.DUMMYFUNCTION("""COMPUTED_VALUE"""),"Бандаж на шейный отдел позвоночника мягкой фиксацией 1001 I(S) (Болгария) KZ.7100.01.01.00506598 / Действителен до 15.11.2022 / 1117047KZ59 / годен до 15.11.2022") -> Бандаж на шейный отдел позвоночника мягкой фиксацией 1001 I(S) (Болгария) KZ.7100.01.01.00506598 / Действителен до 15.11.2022 / 1117047KZ59 / годен до 15.11.2022
A12: =IFERROR(__xludf.DUMMYFUNCTION("""COMPUTED_VALUE"""),"Бандаж на шейный отдел позвоночника мягкой фиксацией 1001 II(M) (Болгария)") -> Бандаж на шейный отдел позвоночника мягкой фиксацией 1001 II(M) (Болгария) | B12: =IFERROR(__xludf.DUMMYFUNCTION("""COMPUTED_VALUE"""),"KZ.7100.01.01.00506598") -> KZ.7100.01.01.00506598 | C12: =IFERROR(__xludf.DUMMYFUNCTION("""COMPUTED_VALUE"""),"Действителен до 15.11.2022") -> Действителен до 15.11.2022 | D12: =IFERROR(__xludf.DUMMYFUNCTION("""COMPUTED_VALUE"""),"1117047KZ59") -> 1117047KZ59 | E12: =IFERROR(__xludf.DUMMYFUNCTION("""COMPUTED_VALUE"""),"годен до 15.11.2022") -> годен до 15.11.2022 | F12: =IFERROR(__xludf.DUMMYFUNCTION("""COMPUTED_VALUE"""),"Бандаж на шейный отдел позвоночника мягкой фиксацией 1001 II(M) (Болгария) - 1117047KZ59") -> Бандаж на шейный отдел позвоночника мягкой фиксацией 1001 II(M) (Болгария) - 1117047KZ59 | G12: =IFERROR(__xludf.DUMMYFUNCTION("""COMPUTED_VALUE"""),"KZ.7100.01.01.00506598 / Действителен до 15.11.2022 / 1117047KZ59 / годен до 15.11.2022") -> KZ.7100.01.01.00506598 / Действителен до 15.11.2022 / 1117047KZ59 / годен до 15.11.2022 | H12: =IFERROR(__xludf.DUMMYFUNCTION("""COMPUTED_VALUE"""),"Бандаж на шейный отдел позвоночника мягкой фиксацией 1001 II(M) (Болгария) KZ.7100.01.01.00506598 / Действителен до 15.11.2022 / 1117047KZ59 / годен до 15.11.2022") -> Бандаж на шейный отдел позвоночника мягкой фиксацией 1001 II(M) (Болгария) KZ.7100.01.01.00506598 / Действителен до 15.11.2022 / 1117047KZ59 / годен до 15.11.2022
A13: =IFERROR(__xludf.DUMMYFUNCTION("""COMPUTED_VALUE"""),"Бандаж на шейный отдел позвоночника мягкой фиксацией 1001 III(L) (Болгария)") -> Бандаж на шейный отдел позвоночника мягкой фиксацией 1001 III(L) (Болгария) | B13: =IFERROR(__xludf.DUMMYFUNCTION("""COMPUTED_VALUE"""),"KZ.7100.01.01.00506598") -> KZ.7100.01.01.00506598 | C13: =IFERROR(__xludf.DUMMYFUNCTION("""COMPUTED_VALUE"""),"Действителен до 15.11.2022") -> Действителен до 15.11.2022 | D13: =IFERROR(__xludf.DUMMYFUNCTION("""COMPUTED_VALUE"""),"1117047KZ59") -> 1117047KZ59 | E13: =IFERROR(__xludf.DUMMYFUNCTION("""COMPUTED_VALUE"""),"годен до 15.11.2022") -> годен до 15.11.2022 | F13: =IFERROR(__xludf.DUMMYFUNCTION("""COMPUTED_VALUE"""),"Бандаж на шейный отдел позвоночника мягкой фиксацией 1001 III(L) (Болгария) - 1117047KZ59") -> Бандаж на шейный отдел позвоночника мягкой фиксацией 1001 III(L) (Болгария) - 1117047KZ59 | G13: =IFERROR(__xludf.DUMMYFUNCTION("""COMPUTED_VALUE"""),"KZ.7100.01.01.00506598 / Действителен до 15.11.2022 / 1117047KZ59 / годен до 15.11.2022") -> KZ.7100.01.01.00506598 / Действителен до 15.11.2022 / 1117047KZ59 / годен до 15.11.2022 | H13: =IFERROR(__xludf.DUMMYFUNCTION("""COMPUTED_VALUE"""),"Бандаж на шейный отдел позвоночника мягкой фиксацией 1001 III(L) (Болгария) KZ.7100.01.01.00506598 / Действителен до 15.11.2022 / 1117047KZ59 / годен до 15.11.2022") -> Бандаж на шейный отдел позвоночника мягкой фиксацией 1001 III(L) (Болгария) KZ.7100.01.01.00506598 / Действителен до 15.11.2022 / 1117047KZ59 / годен до 15.11.2022
A14: =IFERROR(__xludf.DUMMYFUNCTION("""COMPUTED_VALUE"""),"Бандаж на шейный отдел позвоночника мягкой фиксацией 1001 I(S) (Болгария)") -> Бандаж на шейный отдел позвоночника мягкой фиксацией 1001 I(S) (Болгария) | B14: =IFERROR(__xludf.DUMMYFUNCTION("""COMPUTED_VALUE"""),"KZ.7700.02.01.00516915") -> KZ.7700.02.01.00516915 | C14: =IFERROR(__xludf.DUMMYFUNCTION("""COMPUTED_VALUE"""),"Действителен до 31.03.2023") -> Действителен до 31.03.2023 | D14: =IFERROR(__xludf.DUMMYFUNCTION("""COMPUTED_VALUE"""),"0318003KZ03") -> 0318003KZ03 | E14: =IFERROR(__xludf.DUMMYFUNCTION("""COMPUTED_VALUE"""),"годен до 31.03.2023") -> годен до 31.03.2023 | F14: =IFERROR(__xludf.DUMMYFUNCTION("""COMPUTED_VALUE"""),"Бандаж на шейный отдел позвоночника мягкой фиксацией 1001 I(S) (Болгария) - 0318003KZ03") -> Бандаж на шейный отдел позвоночника мягкой фиксацией 1001 I(S) (Болгария) - 0318003KZ03 | G14: =IFERROR(__xludf.DUMMYFUNCTION("""COMPUTED_VALUE"""),"KZ.7700.02.01.00516915 / Действителен до 31.03.2023 / 0318003KZ03 / годен до 31.03.2023") -> KZ.7700.02.01.00516915 / Действителен до 31.03.2023 / 0318003KZ03 / годен до 31.03.2023 | H14: =IFERROR(__xludf.DUMMYFUNCTION("""COMPUTED_VALUE"""),"Бандаж на шейный отдел позвоночника мягкой фиксацией 1001 I(S) (Болгария) KZ.7700.02.01.00516915 / Действителен до 31.03.2023 / 0318003KZ03 / годен до 31.03.2023") -> Бандаж на шейный отдел позвоночника мягкой фиксацией 1001 I(S) (Болгария) KZ.7700.02.01.00516915 / Действителен до 31.03.2023 / 0318003KZ03 / годен до 31.03.2023
A15: =IFERROR(__xludf.DUMMYFUNCTION("""COMPUTED_VALUE"""),"Бандаж на шейный отдел позвоночника мягкой фиксацией 1001 II(M) (Болгария)") -> Бандаж на шейный отдел позвоночника мягкой фиксацией 1001 II(M) (Болгария) | B15: =IFERROR(__xludf.DUMMYFUNCTION("""COMPUTED_VALUE"""),"KZ.7700.02.01.00516916") -> KZ.7700.02.01.00516916 | C15: =IFERROR(__xludf.DUMMYFUNCTION("""COMPUTED_VALUE"""),"Действителен до 31.03.2023") -> Действителен до 31.03.2023 | D15: =IFERROR(__xludf.DUMMYFUNCTION("""COMPUTED_VALUE"""),"0318003KZ03") -> 0318003KZ03 | E15: =IFERROR(__xludf.DUMMYFUNCTION("""COMPUTED_VALUE"""),"годен до 31.03.2023") -> годен до 31.03.2023 | F15: =IFERROR(__xludf.DUMMYFUNCTION("""COMPUTED_VALUE"""),"Бандаж на шейный отдел позвоночника мягкой фиксацией 1001 II(M) (Болгария) - 0318003KZ03") -> Бандаж на шейный отдел позвоночника мягкой фиксацией 1001 II(M) (Болгария) - 0318003KZ03 | G15: =IFERROR(__xludf.DUMMYFUNCTION("""COMPUTED_VALUE"""),"KZ.7700.02.01.00516916 / Действителен до 31.03.2023 / 0318003KZ03 / годен до 31.03.2023") -> KZ.7700.02.01.00516916 / Действителен до 31.03.2023 / 0318003KZ03 / годен до 31.03.2023 | H15: =IFERROR(__xludf.DUMMYFUNCTION("""COMPUTED_VALUE"""),"Бандаж на шейный отдел позвоночника мягкой фиксацией 1001 II(M) (Болгария) KZ.7700.02.01.00516916 / Действителен до 31.03.2023 / 0318003KZ03 / годен до 31.03.2023") -> Бандаж на шейный отдел позвоночника мягкой фиксацией 1001 II(M) (Болгария) KZ.7700.02.01.00516916 / Действителен до 31.03.2023 / 0318003KZ03 / годен до 31.03.2023
A16: =IFERROR(__xludf.DUMMYFUNCTION("""COMPUTED_VALUE"""),"Бандаж на шейный отдел позвоночника мягкой фиксацией 1001 III(L) (Болгария)") -> Бандаж на шейный отдел позвоночника мягкой фиксацией 1001 III(L) (Болгария) | B16: =IFERROR(__xludf.DUMMYFUNCTION("""COMPUTED_VALUE"""),"KZ.7700.02.01.00516914") -> KZ.7700.02.01.00516914 | C16: =IFERROR(__xludf.DUMMYFUNCTION("""COMPUTED_VALUE"""),"Действителен до 31.03.2023") -> Действителен до 31.03.2023 | D16: =IFERROR(__xludf.DUMMYFUNCTION("""COMPUTED_VALUE"""),"0318003KZ03") -> 0318003KZ03 | E16: =IFERROR(__xludf.DUMMYFUNCTION("""COMPUTED_VALUE"""),"годен до 31.03.2023") -> годен до 31.03.2023 | F16: =IFERROR(__xludf.DUMMYFUNCTION("""COMPUTED_VALUE"""),"Бандаж на шейный отдел позвоночника мягкой фиксацией 1001 III(L) (Болгария) - 0318003KZ03") -> Бандаж на шейный отдел позвоночника мягкой фиксацией 1001 III(L) (Болгария) - 0318003KZ03 | G16: =IFERROR(__xludf.DUMMYFUNCTION("""COMPUTED_VALUE"""),"KZ.7700.02.01.00516914 / Действителен до 31.03.2023 / 0318003KZ03 / годен до 31.03.2023") -> KZ.7700.02.01.00516914 / Действителен до 31.03.2023 / 0318003KZ03 / годен до 31.03.2023 | H16: =IFERROR(__xludf.DUMMYFUNCTION("""COMPUTED_VALUE"""),"Бандаж на шейный отдел позвоночника мягкой фиксацией 1001 III(L) (Болгария) KZ.7700.02.01.00516914 / Действителен до 31.03.2023 / 0318003KZ03 / годен до 31.03.2023") -> Бандаж на шейный отдел позвоночника мягкой фиксацией 1001 III(L) (Болгария) KZ.7700.02.01.00516914 / Действителен до 31.03.2023 / 0318003KZ03 / годен до 31.03.2023
A17: =IFERROR(__xludf.DUMMYFUNCTION("""COMPUTED_VALUE"""),"Бандаж на шейный отдел позвоночника мягкой фиксацией 1001 III(L) (Болгария)") -> Бандаж на шейный отдел позвоночника мягкой фиксацией 1001 III(L) (Болгария) | B17: =IFERROR(__xludf.DUMMYFUNCTION("""COMPUTED_VALUE"""),"KZ.7700.02.01.00726425") -> KZ.7700.02.01.00726425 | C17: =IFERROR(__xludf.DUMMYFUNCTION("""COMPUTED_VALUE"""),"Действителен до 15.02.2026") -> Действителен до 15.02.2026 | D17: =IFERROR(__xludf.DUMMYFUNCTION("""COMPUTED_VALUE"""),"0221174KZ174") -> 0221174KZ174 | E17: =IFERROR(__xludf.DUMMYFUNCTION("""COMPUTED_VALUE"""),"годен до 15.02.2026") -> годен до 15.02.2026 | F17: =IFERROR(__xludf.DUMMYFUNCTION("""COMPUTED_VALUE"""),"Бандаж на шейный отдел позвоночника мягкой фиксацией 1001 III(L) (Болгария) - 0221174KZ174") -> Бандаж на шейный отдел позвоночника мягкой фиксацией 1001 III(L) (Болгария) - 0221174KZ174 | G17: =IFERROR(__xludf.DUMMYFUNCTION("""COMPUTED_VALUE"""),"KZ.7700.02.01.00726425 / Действителен до 15.02.2026 / 0221174KZ174 / годен до 15.02.2026") -> KZ.7700.02.01.00726425 / Действителен до 15.02.2026 / 0221174KZ174 / годен до 15.02.2026 | H17: =IFERROR(__xludf.DUMMYFUNCTION("""COMPUTED_VALUE"""),"Бандаж на шейный отдел позвоночника мягкой фиксацией 1001 III(L) (Болгария) KZ.7700.02.01.00726425 / Действителен до 15.02.2026 / 0221174KZ174 / годен до 15.02.2026") -> Бандаж на шейный отдел позвоночника мягкой фиксацией 1001 III(L) (Болгария) KZ.7700.02.01.00726425 / Действителен до 15.02.2026 / 0221174KZ174 / годен до 15.02.2026
A18: =IFERROR(__xludf.DUMMYFUNCTION("""COMPUTED_VALUE"""),"Бандаж на шейный отдел позвоночника мягкой фиксацией с жесткой вставкой 1005 I(S)") -> Бандаж на шейный отдел позвоночника мягкой фиксацией с жесткой вставкой 1005 I(S) | B18: =IFERROR(__xludf.DUMMYFUNCTION("""COMPUTED_VALUE"""),"KZ.7700.02.01.00726433") -> KZ.7700.02.01.00726433 | C18: =IFERROR(__xludf.DUMMYFUNCTION("""COMPUTED_VALUE"""),"Действителен до 15.02.2026") -> Действителен до 15.02.2026 | D18: =IFERROR(__xludf.DUMMYFUNCTION("""COMPUTED_VALUE"""),"0221174KZ174") -> 0221174KZ174 | E18: =IFERROR(__xludf.DUMMYFUNCTION("""COMPUTED_VALUE"""),"годен до 15.02.2026") -> годен до 15.02.2026 | F18: =IFERROR(__xludf.DUMMYFUNCTION("""COMPUTED_VALUE"""),"Бандаж на шейный отдел позвоночника мягкой фиксацией с жесткой вставкой 1005 I(S) - 0221174KZ174") -> Бандаж на шейный отдел позвоночника мягкой фиксацией с жесткой вставкой 1005 I(S) - 0221174KZ174 | G18: =IFERROR(__xludf.DUMMYFUNCTION("""COMPUTED_VALUE"""),"KZ.7700.02.01.00726433 / Действителен до 15.02.2026 / 0221174KZ174 / годен до 15.02.2026") -> KZ.7700.02.01.00726433 / Действителен до 15.02.2026 / 0221174KZ174 / годен до 15.02.2026 | H18: =IFERROR(__xludf.DUMMYFUNCTION("""COMPUTED_VALUE"""),"Бандаж на шейный отдел позвоночника мягкой фиксацией с жесткой вставкой 1005 I(S) KZ.7700.02.01.00726433 / Действителен до 15.02.2026 / 0221174KZ174 / годен до 15.02.2026") -> Бандаж на шейный отдел позвоночника мягкой фиксацией с жесткой вставкой 1005 I(S) KZ.7700.02.01.00726433 / Действителен до 15.02.2026 / 0221174KZ174 / годен до 15.02.2026
A19: =IFERROR(__xludf.DUMMYFUNCTION("""COMPUTED_VALUE"""),"Бандаж на шейный отдел позвоночника мягкой фиксацией с жесткой вставкой 1005 II(M)") -> Бандаж на шейный отдел позвоночника мягкой фиксацией с жесткой вставкой 1005 II(M) | B19: =IFERROR(__xludf.DUMMYFUNCTION("""COMPUTED_VALUE"""),"KZ.7700.02.01.00726432") -> KZ.7700.02.01.00726432 | C19: =IFERROR(__xludf.DUMMYFUNCTION("""COMPUTED_VALUE"""),"Действителен до 15.02.2026") -> Действителен до 15.02.2026 | D19: =IFERROR(__xludf.DUMMYFUNCTION("""COMPUTED_VALUE"""),"0221174KZ174") -> 0221174KZ174 | E19: =IFERROR(__xludf.DUMMYFUNCTION("""COMPUTED_VALUE"""),"годен до 15.02.2026") -> годен до 15.02.2026 | F19: =IFERROR(__xludf.DUMMYFUNCTION("""COMPUTED_VALUE"""),"Бандаж на шейный отдел позвоночника мягкой фиксацией с жесткой вставкой 1005 II(M) - 0221174KZ174") -> Бандаж на шейный отдел позвоночника мягкой фиксацией с жесткой вставкой 1005 II(M) - 0221174KZ174 | G19: =IFERROR(__xludf.DUMMYFUNCTION("""COMPUTED_VALUE"""),"KZ.7700.02.01.00726432 / Действителен до 15.02.2026 / 0221174KZ174 / годен до 15.02.2026") -> KZ.7700.02.01.00726432 / Действителен до 15.02.2026 / 0221174KZ174 / годен до 15.02.2026 | H19: =IFERROR(__xludf.DUMMYFUNCTION("""COMPUTED_VALUE"""),"Бандаж на шейный отдел позвоночника мягкой фиксацией с жесткой вставкой 1005 II(M) KZ.7700.02.01.00726432 / Действителен до 15.02.2026 / 0221174KZ174 / годен до 15.02.2026") -> Бандаж на шейный отдел позвоночника мягкой фиксацией с жесткой вставкой 1005 II(M) KZ.7700.02.01.00726432 / Действителен до 15.02.2026 / 0221174KZ174 / годен до 15.02.2026
A20: =IFERROR(__xludf.DUMMYFUNCTION("""COMPUTED_VALUE"""),"Бандаж на шейный отдел позвоночника мягкой фиксацией с жесткой вставкой 1005 III(L)") -> Бандаж на шейный отдел позвоночника мягкой фиксацией с жесткой вставкой 1005 III(L) | B20: =IFERROR(__xludf.DUMMYFUNCTION("""COMPUTED_VALUE"""),"KZ.7700.02.01.00726428") -> KZ.7700.02.01.00726428 | C20: =IFERROR(__xludf.DUMMYFUNCTION("""COMPUTED_VALUE"""),"Действителен до 15.02.2026") -> Действителен до 15.02.2026 | D20: =IFERROR(__xludf.DUMMYFUNCTION("""COMPUTED_VALUE"""),"0221174KZ174") -> 0221174KZ174 | E20: =IFERROR(__xludf.DUMMYFUNCTION("""COMPUTED_VALUE"""),"годен до 15.02.2026") -> годен до 15.02.2026 | F20: =IFERROR(__xludf.DUMMYFUNCTION("""COMPUTED_VALUE"""),"Бандаж на шейный отдел позвоночника мягкой фиксацией с жесткой вставкой 1005 III(L) - 0221174KZ174") -> Бандаж на шейный отдел позвоночника мягкой фиксацией с жесткой вставкой 1005 III(L) - 0221174KZ174 | G20: =IFERROR(__xludf.DUMMYFUNCTION("""COMPUTED_VALUE"""),"KZ.7700.02.01.00726428 / Действителен до 15.02.2026 / 0221174KZ174 / годен до 15.02.2026") -> KZ.7700.02.01.00726428 / Действителен до 15.02.2026 / 0221174KZ174 / годен до 15.02.2026 | H20: =IFERROR(__xludf.DUMMYFUNCTION("""COMPUTED_VALUE"""),"Бандаж на шейный отдел позвоночника мягкой фиксацией с жесткой вставкой 1005 III(L) KZ.7700.02.01.00726428 / Действителен до 15.02.2026 / 0221174KZ174 / годен до 15.02.2026") -> Бандаж на шейный отдел позвоночника мягкой фиксацией с жесткой вставкой 1005 III(L) KZ.7700.02.01.00726428 / Действителен до 15.02.2026 / 0221174KZ174 / годен до 15.02.2026
A21: =IFERROR(__xludf.DUMMYFUNCTION("""COMPUTED_VALUE"""),"Реклинатор (корректор осанки) детский 2005 L (Болгария)") -> Реклинатор (корректор осанки) детский 2005 L (Болгария) | B21: =IFERROR(__xludf.DUMMYFUNCTION("""COMPUTED_VALUE"""),"KZ.7700.02.01.00726424") -> KZ.7700.02.01.00726424 | C21: =IFERROR(__xludf.DUMMYFUNCTION("""COMPUTED_VALUE"""),"Действителен до 15.02.2026") -> Действителен до 15.02.2026 | D21: =IFERROR(__xludf.DUMMYFUNCTION("""COMPUTED_VALUE"""),"0221174KZ174") -> 0221174KZ174 | E21: =IFERROR(__xludf.DUMMYFUNCTION("""COMPUTED_VALUE"""),"годен до 15.02.2026") -> годен до 15.02.2026 | F21: =IFERROR(__xludf.DUMMYFUNCTION("""COMPUTED_VALUE"""),"Реклинатор (корректор осанки) детский 2005 L (Болгария) - 0221174KZ174") -> Реклинатор (корректор осанки) детский 2005 L (Болгария) - 0221174KZ174 | G21: =IFERROR(__xludf.DUMMYFUNCTION("""COMPUTED_VALUE"""),"KZ.7700.02.01.00726424 / Действителен до 15.02.2026 / 0221174KZ174 / годен до 15.02.2026") -> KZ.7700.02.01.00726424 / Действителен до 15.02.2026 / 0221174KZ174 / годен до 15.02.2026 | H21: =IFERROR(__xludf.DUMMYFUNCTION("""COMPUTED_VALUE"""),"Реклинатор (корректор осанки) детский 2005 L (Болгария) KZ.7700.02.01.00726424 / Действителен до 15.02.2026 / 0221174KZ174 / годен до 15.02.2026") -> Реклинатор (корректор осанки) детский 2005 L (Болгария) KZ.7700.02.01.00726424 / Действителен до 15.02.2026 / 0221174KZ174 / годен до 15.02.2026
A22: =IFERROR(__xludf.DUMMYFUNCTION("""COMPUTED_VALUE"""),"Реклинатор (корректор осанки) детский 2005 M (Болгария)") -> Реклинатор (корректор осанки) детский 2005 M (Болгария) | B22: =IFERROR(__xludf.DUMMYFUNCTION("""COMPUTED_VALUE"""),"KZ.7700.02.01.00726426") -> KZ.7700.02.01.00726426 | C22: =IFERROR(__xludf.DUMMYFUNCTION("""COMPUTED_VALUE"""),"Действителен до 15.02.2026") -> Действителен до 15.02.2026 | D22: =IFERROR(__xludf.DUMMYFUNCTION("""COMPUTED_VALUE"""),"0221174KZ174") -> 0221174KZ174 | E22: =IFERROR(__xludf.DUMMYFUNCTION("""COMPUTED_VALUE"""),"годен до 15.02.2026") -> годен до 15.02.2026 | F22: =IFERROR(__xludf.DUMMYFUNCTION("""COMPUTED_VALUE"""),"Реклинатор (корректор осанки) детский 2005 M (Болгария) - 0221174KZ174") -> Реклинатор (корректор осанки) детский 2005 M (Болгария) - 0221174KZ174 | G22: =IFERROR(__xludf.DUMMYFUNCTION("""COMPUTED_VALUE"""),"KZ.7700.02.01.00726426 / Действителен до 15.02.2026 / 0221174KZ174 / годен до 15.02.2026") -> KZ.7700.02.01.00726426 / Действителен до 15.02.2026 / 0221174KZ174 / годен до 15.02.2026 | H22: =IFERROR(__xludf.DUMMYFUNCTION("""COMPUTED_VALUE"""),"Реклинатор (корректор осанки) детский 2005 M (Болгария) KZ.7700.02.01.00726426 / Действителен до 15.02.2026 / 0221174KZ174 / годен до 15.02.2026") -> Реклинатор (корректор осанки) детский 2005 M (Болгария) KZ.7700.02.01.00726426 / Действителен до 15.02.2026 / 0221174KZ174 / годен до 15.02.2026
A23: =IFERROR(__xludf.DUMMYFUNCTION("""COMPUTED_VALUE"""),"Реклинатор (корректор осанки) детский 2005 S (Болгария)") -> Реклинатор (корректор осанки) детский 2005 S (Болгария) | B23: =IFERROR(__xludf.DUMMYFUNCTION("""COMPUTED_VALUE"""),"KZ.7700.02.01.00726429") -> KZ.7700.02.01.00726429 | C23: =IFERROR(__xludf.DUMMYFUNCTION("""COMPUTED_VALUE"""),"Действителен до 15.02.2026") -> Действителен до 15.02.2026 | D23: =IFERROR(__xludf.DUMMYFUNCTION("""COMPUTED_VALUE"""),"0221174KZ174") -> 0221174KZ174 | E23: =IFERROR(__xludf.DUMMYFUNCTION("""COMPUTED_VALUE"""),"годен до 15.02.2026") -> годен до 15.02.2026 | F23: =IFERROR(__xludf.DUMMYFUNCTION("""COMPUTED_VALUE"""),"Реклинатор (корректор осанки) детский 2005 S (Болгария) - 0221174KZ174") -> Реклинатор (корректор осанки) детский 2005 S (Болгария) - 0221174KZ174 | G23: =IFERROR(__xludf.DUMMYFUNCTION("""COMPUTED_VALUE"""),"KZ.7700.02.01.00726429 / Действителен до 15.02.2026 / 0221174KZ174 / годен до 15.02.2026") -> KZ.7700.02.01.00726429 / Действителен до 15.02.2026 / 0221174KZ174 / годен до 15.02.2026 | H23: =IFERROR(__xludf.DUMMYFUNCTION("""COMPUTED_VALUE"""),"Реклинатор (корректор осанки) детский 2005 S (Болгария) KZ.7700.02.01.00726429 / Действителен до 15.02.2026 / 0221174KZ174 / годен до 15.02.2026") -> Реклинатор (корректор осанки) детский 2005 S (Болгария) KZ.7700.02.01.00726429 / Действителен до 15.02.2026 / 0221174KZ174 / годен до 15.02.2026
A24: =IFERROR(__xludf.DUMMYFUNCTION("""COMPUTED_VALUE"""),"Корректор осанки с ребрами жесткости эластичный 2011 L (Болгария)") -> Корректор осанки с ребрами жесткости эластичный 2011 L (Болгария) | B24: =IFERROR(__xludf.DUMMYFUNCTION("""COMPUTED_VALUE"""),"KZ.7700.02.01.00726430") -> KZ.7700.02.01.00726430 | C24: =IFERROR(__xludf.DUMMYFUNCTION("""COMPUTED_VALUE"""),"Действителен до 15.02.2026") -> Действителен до 15.02.2026 | D24: =IFERROR(__xludf.DUMMYFUNCTION("""COMPUTED_VALUE"""),"0221174KZ174") -> 0221174KZ174 | E24: =IFERROR(__xludf.DUMMYFUNCTION("""COMPUTED_VALUE"""),"годен до 15.02.2026") -> годен до 15.02.2026 | F24: =IFERROR(__xludf.DUMMYFUNCTION("""COMPUTED_VALUE"""),"Корректор осанки с ребрами жесткости эластичный 2011 L (Болгария) - 0221174KZ174") -> Корректор осанки с ребрами жесткости эластичный 2011 L (Болгария) - 0221174KZ174 | G24: =IFERROR(__xludf.DUMMYFUNCTION("""COMPUTED_VALUE"""),"KZ.7700.02.01.00726430 / Действителен до 15.02.2026 / 0221174KZ174 / годен до 15.02.2026") -> KZ.7700.02.01.00726430 / Действителен до 15.02.2026 / 0221174KZ174 / годен до 15.02.2026 | H24: =IFERROR(__xludf.DUMMYFUNCTION("""COMPUTED_VALUE"""),"Корректор осанки с ребрами жесткости эластичный 2011 L (Болгария) KZ.7700.02.01.00726430 / Действителен до 15.02.2026 / 0221174KZ174 / годен до 15.02.2026") -> Корректор осанки с ребрами жесткости эластичный 2011 L (Болгария) KZ.7700.02.01.00726430 / Действителен до 15.02.2026 / 0221174KZ174 / годен до 15.02.2026
A25: =IFERROR(__xludf.DUMMYFUNCTION("""COMPUTED_VALUE"""),"Корректор осанки с ребрами жесткости эластичный 2011 M (Болгария)") -> Корректор осанки с ребрами жесткости эластичный 2011 M (Болгария) | B25: =IFERROR(__xludf.DUMMYFUNCTION("""COMPUTED_VALUE"""),"KZ.7700.02.01.00726427") -> KZ.7700.02.01.00726427 | C25: =IFERROR(__xludf.DUMMYFUNCTION("""COMPUTED_VALUE"""),"Действителен до 15.02.2026") -> Действителен до 15.02.2026 | D25: =IFERROR(__xludf.DUMMYFUNCTION("""COMPUTED_VALUE"""),"0221174KZ174") -> 0221174KZ174 | E25: =IFERROR(__xludf.DUMMYFUNCTION("""COMPUTED_VALUE"""),"годен до 15.02.2026") -> годен до 15.02.2026 | F25: =IFERROR(__xludf.DUMMYFUNCTION("""COMPUTED_VALUE"""),"Корректор осанки с ребрами жесткости эластичный 2011 M (Болгария) - 0221174KZ174") -> Корректор осанки с ребрами жесткости эластичный 2011 M (Болгария) - 0221174KZ174 | G25: =IFERROR(__xludf.DUMMYFUNCTION("""COMPUTED_VALUE"""),"KZ.7700.02.01.00726427 / Действителен до 15.02.2026 / 0221174KZ174 / годен до 15.02.2026") -> KZ.7700.02.01.00726427 / Действителен до 15.02.2026 / 0221174KZ174 / годен до 15.02.2026 | H25: =IFERROR(__xludf.DUMMYFUNCTION("""COMPUTED_VALUE"""),"Корректор осанки с ребрами жесткости эластичный 2011 M (Болгария) KZ.7700.02.01.00726427 / Действителен до 15.02.2026 / 0221174KZ174 / годен до 15.02.2026") -> Корректор осанки с ребрами жесткости эластичный 2011 M (Болгария) KZ.7700.02.01.00726427 / Действителен до 15.02.2026 / 0221174KZ174 / годен до 15.02.2026
A26: =IFERROR(__xludf.DUMMYFUNCTION("""COMPUTED_VALUE"""),"Корректор осанки с ребрами жесткости эластичный 2011 S (Болгария)") -> Корректор осанки с ребрами жесткости эластичный 2011 S (Болгария) | B26: =IFERROR(__xludf.DUMMYFUNCTION("""COMPUTED_VALUE"""),"KZ.7700.02.01.00726431") -> KZ.7700.02.01.00726431 | C26: =IFERROR(__xludf.DUMMYFUNCTION("""COMPUTED_VALUE"""),"Действителен до 15.02.2026") -> Действителен до 15.02.2026 | D26: =IFERROR(__xludf.DUMMYFUNCTION("""COMPUTED_VALUE"""),"0221174KZ174") -> 0221174KZ174 | E26: =IFERROR(__xludf.DUMMYFUNCTION("""COMPUTED_VALUE"""),"годен до 15.02.2026") -> годен до 15.02.2026 | F26: =IFERROR(__xludf.DUMMYFUNCTION("""COMPUTED_VALUE"""),"Корректор осанки с ребрами жесткости эластичный 2011 S (Болгария) - 0221174KZ174") -> Корректор осанки с ребрами жесткости эластичный 2011 S (Болгария) - 0221174KZ174 | G26: =IFERROR(__xludf.DUMMYFUNCTION("""COMPUTED_VALUE"""),"KZ.7700.02.01.00726431 / Действителен до 15.02.2026 / 0221174KZ174 / годен до 15.02.2026") -> KZ.7700.02.01.00726431 / Действителен до 15.02.2026 / 0221174KZ174 / годен до 15.02.2026 | H26: =IFERROR(__xludf.DUMMYFUNCTION("""COMPUTED_VALUE"""),"Корректор осанки с ребрами жесткости эластичный 2011 S (Болгария) KZ.7700.02.01.00726431 / Действителен до 15.02.2026 / 0221174KZ174 / годен до 15.02.2026") -> Корректор осанки с ребрами жесткости эластичный 2011 S (Болгария) KZ.7700.02.01.00726431 / Действителен до 15.02.2026 / 0221174KZ174 / годен до 15.02.2026
A27: =IFERROR(__xludf.DUMMYFUNCTION("""COMPUTED_VALUE"""),"Корректор осанки с ребрами жесткости эластичный 2011 XL (Болгария)") -> Корректор осанки с ребрами жесткости эластичный 2011 XL (Болгария) | B27: =IFERROR(__xludf.DUMMYFUNCTION("""COMPUTED_VALUE"""),"KZ.7700.02.01.00726435") -> KZ.7700.02.01.00726435 | C27: =IFERROR(__xludf.DUMMYFUNCTION("""COMPUTED_VALUE"""),"Действителен до 15.02.2026") -> Действителен до 15.02.2026 | D27: =IFERROR(__xludf.DUMMYFUNCTION("""COMPUTED_VALUE"""),"0221174KZ174") -> 0221174KZ174 | E27: =IFERROR(__xludf.DUMMYFUNCTION("""COMPUTED_VALUE"""),"годен до 15.02.2026") -> годен до 15.02.2026 | F27: =IFERROR(__xludf.DUMMYFUNCTION("""COMPUTED_VALUE"""),"Корректор осанки с ребрами жесткости эластичный 2011 XL (Болгария) - 0221174KZ174") -> Корректор осанки с ребрами жесткости эластичный 2011 XL (Болгария) - 0221174KZ174 | G27: =IFERROR(__xludf.DUMMYFUNCTION("""COMPUTED_VALUE"""),"KZ.7700.02.01.00726435 / Действителен до 15.02.2026 / 0221174KZ174 / годен до 15.02.2026") -> KZ.7700.02.01.00726435 / Действителен до 15.02.2026 / 0221174KZ174 / годен до 15.02.2026 | H27: =IFERROR(__xludf.DUMMYFUNCTION("""COMPUTED_VALUE"""),"Корректор осанки с ребрами жесткости эластичный 2011 XL (Болгария) KZ.7700.02.01.00726435 / Действителен до 15.02.2026 / 0221174KZ174 / годен до 15.02.2026") -> Корректор осанки с ребрами жесткости эластичный 2011 XL (Болгария) KZ.7700.02.01.00726435 / Действителен до 15.02.2026 / 0221174KZ174 / годен до 15.02.2026
A28: =IFERROR(__xludf.DUMMYFUNCTION("""COMPUTED_VALUE"""),"Корректор осанки с ребрами жесткости эластичный 2011 XXL (Болгария)") -> Корректор осанки с ребрами жесткости эластичный 2011 XXL (Болгария) | B28: =IFERROR(__xludf.DUMMYFUNCTION("""COMPUTED_VALUE"""),"KZ.7700.02.01.00726436") -> KZ.7700.02.01.00726436 | C28: =IFERROR(__xludf.DUMMYFUNCTION("""COMPUTED_VALUE"""),"Действителен до 15.02.2026") -> Действителен до 15.02.2026 | D28: =IFERROR(__xludf.DUMMYFUNCTION("""COMPUTED_VALUE"""),"0221174KZ174") -> 0221174KZ174 | E28: =IFERROR(__xludf.DUMMYFUNCTION("""COMPUTED_VALUE"""),"годен до 15.02.2026") -> годен до 15.02.2026 | F28: =IFERROR(__xludf.DUMMYFUNCTION("""COMPUTED_VALUE"""),"Корректор осанки с ребрами жесткости эластичный 2011 XXL (Болгария) - 0221174KZ174") -> Корректор осанки с ребрами жесткости эластичный 2011 XXL (Болгария) - 0221174KZ174 | G28: =IFERROR(__xludf.DUMMYFUNCTION("""COMPUTED_VALUE"""),"KZ.7700.02.01.00726436 / Действителен до 15.02.2026 / 0221174KZ174 / годен до 15.02.2026") -> KZ.7700.02.01.00726436 / Действителен до 15.02.2026 / 0221174KZ174 / годен до 15.02.2026 | H28: =IFERROR(__xludf.DUMMYFUNCTION("""COMPUTED_VALUE"""),"Корректор осанки с ребрами жесткости эластичный 2011 XXL (Болгария) KZ.7700.02.01.00726436 / Действителен до 15.02.2026 / 0221174KZ174 / годен до 15.02.2026") -> Корректор осанки с ребрами жесткости эластичный 2011 XXL (Болгария) KZ.7700.02.01.00726436 / Действителен до 15.02.2026 / 0221174KZ174 / годен до 15.02.2026
A29: =IFERROR(__xludf.DUMMYFUNCTION("""COMPUTED_VALUE"""),"Корректор лечебно-профилактический (с 4 ребрами жесткости) эластичный 3011 - L") -> Корректор лечебно-профилактический (с 4 ребрами жесткости) эластичный 3011 - L | B29: =IFERROR(__xludf.DUMMYFUNCTION("""COMPUTED_VALUE"""),"KZ.7700.02.01.00726442") -> KZ.7700.02.01.00726442 | C29: =IFERROR(__xludf.DUMMYFUNCTION("""COMPUTED_VALUE"""),"Действителен до 15.02.2026") -> Действителен до 15.02.2026 | D29: =IFERROR(__xludf.DUMMYFUNCTION("""COMPUTED_VALUE"""),"0221174KZ174") -> 0221174KZ174 | E29: =IFERROR(__xludf.DUMMYFUNCTION("""COMPUTED_VALUE"""),"годен до 15.02.2026") -> годен до 15.02.2026 | F29: =IFERROR(__xludf.DUMMYFUNCTION("""COMPUTED_VALUE"""),"Корректор лечебно-профилактический (с 4 ребрами жесткости) эластичный 3011 - L - 0221174KZ174") -> Корректор лечебно-профилактический (с 4 ребрами жесткости) эластичный 3011 - L - 0221174KZ174 | G29: =IFERROR(__xludf.DUMMYFUNCTION("""COMPUTED_VALUE"""),"KZ.7700.02.01.00726442 / Действителен до 15.02.2026 / 0221174KZ174 / годен до 15.02.2026") -> KZ.7700.02.01.00726442 / Действителен до 15.02.2026 / 0221174KZ174 / годен до 15.02.2026 | H29: =IFERROR(__xludf.DUMMYFUNCTION("""COMPUTED_VALUE"""),"Корректор лечебно-профилактический (с 4 ребрами жесткости) эластичный 3011 - L KZ.7700.02.01.00726442 / Действителен до 15.02.2026 / 0221174KZ174 / годен до 15.02.2026") -> Корректор лечебно-профилактический (с 4 ребрами жесткости) эластичный 3011 - L KZ.7700.02.01.00726442 / Действителен до 15.02.2026 / 0221174KZ174 / годен до 15.02.2026
A30: =IFERROR(__xludf.DUMMYFUNCTION("""COMPUTED_VALUE"""),"Корректор лечебно-профилактический (с 4 ребрами жесткости) эластичный 3011 - М") -> Корректор лечебно-профилактический (с 4 ребрами жесткости) эластичный 3011 - М | B30: =IFERROR(__xludf.DUMMYFUNCTION("""COMPUTED_VALUE"""),"KZ.7700.02.01.00726437") -> KZ.7700.02.01.00726437 | C30: =IFERROR(__xludf.DUMMYFUNCTION("""COMPUTED_VALUE"""),"Действителен до 15.02.2026") -> Действителен до 15.02.2026 | D30: =IFERROR(__xludf.DUMMYFUNCTION("""COMPUTED_VALUE"""),"0221174KZ174") -> 0221174KZ174 | E30: =IFERROR(__xludf.DUMMYFUNCTION("""COMPUTED_VALUE"""),"годен до 15.02.2026") -> годен до 15.02.2026 | F30: =IFERROR(__xludf.DUMMYFUNCTION("""COMPUTED_VALUE"""),"Корректор лечебно-профилактический (с 4 ребрами жесткости) эластичный 3011 - М - 0221174KZ174") -> Корректор лечебно-профилактический (с 4 ребрами жесткости) эластичный 3011 - М - 0221174KZ174 | G30: =IFERROR(__xludf.DUMMYFUNCTION("""COMPUTED_VALUE"""),"KZ.7700.02.01.00726437 / Действителен до 15.02.2026 / 0221174KZ174 / годен до 15.02.2026") -> KZ.7700.02.01.00726437 / Действителен до 15.02.2026 / 0221174KZ174 / годен до 15.02.2026 | H30: =IFERROR(__xludf.DUMMYFUNCTION("""COMPUTED_VALUE"""),"Корректор лечебно-профилактический (с 4 ребрами жесткости) эластичный 3011 - М KZ.7700.02.01.00726437 / Действителен до 15.02.2026 / 0221174KZ174 / годен до 15.02.2026") -> Корректор лечебно-профилактический (с 4 ребрами жесткости) эластичный 3011 - М KZ.7700.02.01.00726437 / Действителен до 15.02.2026 / 0221174KZ174 / годен до 15.02.2026
A31: =IFERROR(__xludf.DUMMYFUNCTION("""COMPUTED_VALUE"""),"Корректор лечебно-профилактический (с 4 ребрами жесткости) эластичный 3011- XL") -> Корректор лечебно-профилактический (с 4 ребрами жесткости) эластичный 3011- XL | B31: =IFERROR(__xludf.DUMMYFUNCTION("""COMPUTED_VALUE"""),"KZ.7700.02.01.00726443") -> KZ.7700.02.01.00726443 | C31: =IFERROR(__xludf.DUMMYFUNCTION("""COMPUTED_VALUE"""),"Действителен до 15.02.2026") -> Действителен до 15.02.2026 | D31: =IFERROR(__xludf.DUMMYFUNCTION("""COMPUTED_VALUE"""),"0221174KZ174") -> 0221174KZ174 | E31: =IFERROR(__xludf.DUMMYFUNCTION("""COMPUTED_VALUE"""),"годен до 15.02.2026") -> годен до 15.02.2026 | F31: =IFERROR(__xludf.DUMMYFUNCTION("""COMPUTED_VALUE"""),"Корректор лечебно-профилактический (с 4 ребрами жесткости) эластичный 3011- XL - 0221174KZ174") -> Корректор лечебно-профилактический (с 4 ребрами жесткости) эластичный 3011- XL - 0221174KZ174 | G31: =IFERROR(__xludf.DUMMYFUNCTION("""COMPUTED_VALUE"""),"KZ.7700.02.01.00726443 / Действителен до 15.02.2026 / 0221174KZ174 / годен до 15.02.2026") -> KZ.7700.02.01.00726443 / Действителен до 15.02.2026 / 0221174KZ174 / годен до 15.02.2026 | H31: =IFERROR(__xludf.DUMMYFUNCTION("""COMPUTED_VALUE"""),"Корректор лечебно-профилактический (с 4 ребрами жесткости) эластичный 3011- XL KZ.7700.02.01.00726443 / Действителен до 15.02.2026 / 0221174KZ174 / годен до 15.02.2026") -> Корректор лечебно-профилактический (с 4 ребрами жесткости) эластичный 3011- XL KZ.7700.02.01.00726443 / Действителен до 15.02.2026 / 0221174KZ174 / годен до 15.02.2026
A32: =IFERROR(__xludf.DUMMYFUNCTION("""COMPUTED_VALUE"""),"Корректор лечебно-профилактический (с 4 ребрами жесткости) эластичный 3011- XXL") -> Корректор лечебно-профилактический (с 4 ребрами жесткости) эластичный 3011- XXL | B32: =IFERROR(__xludf.DUMMYFUNCTION("""COMPUTED_VALUE"""),"KZ.7700.02.01.00726438") -> KZ.7700.02.01.00726438 | C32: =IFERROR(__xludf.DUMMYFUNCTION("""COMPUTED_VALUE"""),"Действителен до 15.02.2026") -> Действителен до 15.02.2026 | D32: =IFERROR(__xludf.DUMMYFUNCTION("""COMPUTED_VALUE"""),"0221174KZ174") -> 0221174KZ174 | E32: =IFERROR(__xludf.DUMMYFUNCTION("""COMPUTED_VALUE"""),"годен до 15.02.2026") -> годен до 15.02.2026 | F32: =IFERROR(__xludf.DUMMYFUNCTION("""COMPUTED_VALUE"""),"Корректор лечебно-профилактический (с 4 ребрами жесткости) эластичный 3011- XXL - 0221174KZ174") -> Корректор лечебно-профилактический (с 4 ребрами жесткости) эластичный 3011- XXL - 0221174KZ174 | G32: =IFERROR(__xludf.DUMMYFUNCTION("""COMPUTED_VALUE"""),"KZ.7700.02.01.00726438 / Действителен до 15.02.2026 / 0221174KZ174 / годен до 15.02.2026") -> KZ.7700.02.01.00726438 / Действителен до 15.02.2026 / 0221174KZ174 / годен до 15.02.2026 | H32: =IFERROR(__xludf.DUMMYFUNCTION("""COMPUTED_VALUE"""),"Корректор лечебно-профилактический (с 4 ребрами жесткости) эластичный 3011- XXL KZ.7700.02.01.00726438 / Действителен до 15.02.2026 / 0221174KZ174 / годен до 15.02.2026") -> Корректор лечебно-профилактический (с 4 ребрами жесткости) эластичный 3011- XXL KZ.7700.02.01.00726438 / Действителен до 15.02.2026 / 0221174KZ174 / годен до 15.02.2026
A33: =IFERROR(__xludf.DUMMYFUNCTION("""COMPUTED_VALUE"""),"Корректор лечебно-профилактический (с 4 ребрами жесткости) эластичный 3011- XXXL") -> Корректор лечебно-профилактический (с 4 ребрами жесткости) эластичный 3011- XXXL | B33: =IFERROR(__xludf.DUMMYFUNCTION("""COMPUTED_VALUE"""),"KZ.7700.02.01.00726434") -> KZ.7700.02.01.00726434 | C33: =IFERROR(__xludf.DUMMYFUNCTION("""COMPUTED_VALUE"""),"Действителен до 15.02.2026") -> Действителен до 15.02.2026 | D33: =IFERROR(__xludf.DUMMYFUNCTION("""COMPUTED_VALUE"""),"0221174KZ174") -> 0221174KZ174 | E33: =IFERROR(__xludf.DUMMYFUNCTION("""COMPUTED_VALUE"""),"годен до 15.02.2026") -> годен до 15.02.2026 | F33: =IFERROR(__xludf.DUMMYFUNCTION("""COMPUTED_VALUE"""),"Корректор лечебно-профилактический (с 4 ребрами жесткости) эластичный 3011- XXXL - 0221174KZ174") -> Корректор лечебно-профилактический (с 4 ребрами жесткости) эластичный 3011- XXXL - 0221174KZ174 | G33: =IFERROR(__xludf.DUMMYFUNCTION("""COMPUTED_VALUE"""),"KZ.7700.02.01.00726434 / Действителен до 15.02.2026 / 0221174KZ174 / годен до 15.02.2026") -> KZ.7700.02.01.00726434 / Действителен до 15.02.2026 / 0221174KZ174 / годен до 15.02.2026 | H33: =IFERROR(__xludf.DUMMYFUNCTION("""COMPUTED_VALUE"""),"Корректор лечебно-профилактический (с 4 ребрами жесткости) эластичный 3011- XXXL KZ.7700.02.01.00726434 / Действителен до 15.02.2026 / 0221174KZ174 / годен до 15.02.2026") -> Корректор лечебно-профилактический (с 4 ребрами жесткости) эластичный 3011- XXXL KZ.7700.02.01.00726434 / Действителен до 15.02.2026 / 0221174KZ174 / годен до 15.02.2026
A34: =IFERROR(__xludf.DUMMYFUNCTION("""COMPUTED_VALUE"""),"Корректор лечебно-профилактический (с 4 ребрами жесткости) эластичный 3011 XXXXL") -> Корректор лечебно-профилактический (с 4 ребрами жесткости) эластичный 3011 XXXXL | B34: =IFERROR(__xludf.DUMMYFUNCTION("""COMPUTED_VALUE"""),"KZ.7700.02.01.00726439") -> KZ.7700.02.01.00726439 | C34: =IFERROR(__xludf.DUMMYFUNCTION("""COMPUTED_VALUE"""),"Действителен до 15.02.2026") -> Действителен до 15.02.2026 | D34: =IFERROR(__xludf.DUMMYFUNCTION("""COMPUTED_VALUE"""),"0221174KZ174") -> 0221174KZ174 | E34: =IFERROR(__xludf.DUMMYFUNCTION("""COMPUTED_VALUE"""),"годен до 15.02.2026") -> годен до 15.02.2026 | F34: =IFERROR(__xludf.DUMMYFUNCTION("""COMPUTED_VALUE"""),"Корректор лечебно-профилактический (с 4 ребрами жесткости) эластичный 3011 XXXXL - 0221174KZ174") -> Корректор лечебно-профилактический (с 4 ребрами жесткости) эластичный 3011 XXXXL - 0221174KZ174 | G34: =IFERROR(__xludf.DUMMYFUNCTION("""COMPUTED_VALUE"""),"KZ.7700.02.01.00726439 / Действителен до 15.02.2026 / 0221174KZ174 / годен до 15.02.2026") -> KZ.7700.02.01.00726439 / Действителен до 15.02.2026 / 0221174KZ174 / годен до 15.02.2026 | H34: =IFERROR(__xludf.DUMMYFUNCTION("""COMPUTED_VALUE"""),"Корректор лечебно-профилактический (с 4 ребрами жесткости) эластичный 3011 XXXXL KZ.7700.02.01.00726439 / Действителен до 15.02.2026 / 0221174KZ174 / годен до 15.02.2026") -> Корректор лечебно-профилактический (с 4 ребрами жесткости) эластичный 3011 XXXXL KZ.7700.02.01.00726439 / Действителен до 15.02.2026 / 0221174KZ174 / годен до 15.02.2026
A35: =IFERROR(__xludf.DUMMYFUNCTION("""COMPUTED_VALUE"""),"Корсет ортопедический с ребрами жесткости согревающий 3041 M/L (Болгария)") -> Корсет ортопедический с ребрами жесткости согревающий 3041 M/L (Болгария) | B35: =IFERROR(__xludf.DUMMYFUNCTION("""COMPUTED_VALUE"""),"KZ.7700.02.01.00726440") -> KZ.7700.02.01.00726440 | C35: =IFERROR(__xludf.DUMMYFUNCTION("""COMPUTED_VALUE"""),"Действителен до 15.02.2026") -> Действителен до 15.02.2026 | D35: =IFERROR(__xludf.DUMMYFUNCTION("""COMPUTED_VALUE"""),"0221174KZ174") -> 0221174KZ174 | E35: =IFERROR(__xludf.DUMMYFUNCTION("""COMPUTED_VALUE"""),"годен до 15.02.2026") -> годен до 15.02.2026 | F35: =IFERROR(__xludf.DUMMYFUNCTION("""COMPUTED_VALUE"""),"Корсет ортопедический с ребрами жесткости согревающий 3041 M/L (Болгария) - 0221174KZ174") -> Корсет ортопедический с ребрами жесткости согревающий 3041 M/L (Болгария) - 0221174KZ174 | G35: =IFERROR(__xludf.DUMMYFUNCTION("""COMPUTED_VALUE"""),"KZ.7700.02.01.00726440 / Действителен до 15.02.2026 / 0221174KZ174 / годен до 15.02.2026") -> KZ.7700.02.01.00726440 / Действителен до 15.02.2026 / 0221174KZ174 / годен до 15.02.2026 | H35: =IFERROR(__xludf.DUMMYFUNCTION("""COMPUTED_VALUE"""),"Корсет ортопедический с ребрами жесткости согревающий 3041 M/L (Болгария) KZ.7700.02.01.00726440 / Действителен до 15.02.2026 / 0221174KZ174 / годен до 15.02.2026") -> Корсет ортопедический с ребрами жесткости согревающий 3041 M/L (Болгария) KZ.7700.02.01.00726440 / Действителен до 15.02.2026 / 0221174KZ174 / годен до 15.02.2026
A36: =IFERROR(__xludf.DUMMYFUNCTION("""COMPUTED_VALUE"""),"Корсет ортопедический с ребрами жесткости согревающий 3041 XXXL/XXXXL (Болгария)") -> Корсет ортопедический с ребрами жесткости согревающий 3041 XXXL/XXXXL (Болгария) | B36: =IFERROR(__xludf.DUMMYFUNCTION("""COMPUTED_VALUE"""),"KZ.7700.02.01.00726445") -> KZ.7700.02.01.00726445 | C36: =IFERROR(__xludf.DUMMYFUNCTION("""COMPUTED_VALUE"""),"Действителен до 15.02.2026") -> Действителен до 15.02.2026 | D36: =IFERROR(__xludf.DUMMYFUNCTION("""COMPUTED_VALUE"""),"0221174KZ174") -> 0221174KZ174 | E36: =IFERROR(__xludf.DUMMYFUNCTION("""COMPUTED_VALUE"""),"годен до 15.02.2026") -> годен до 15.02.2026 | F36: =IFERROR(__xludf.DUMMYFUNCTION("""COMPUTED_VALUE"""),"Корсет ортопедический с ребрами жесткости согревающий 3041 XXXL/XXXXL (Болгария) - 0221174KZ174") -> Корсет ортопедический с ребрами жесткости согревающий 3041 XXXL/XXXXL (Болгария) - 0221174KZ174 | G36: =IFERROR(__xludf.DUMMYFUNCTION("""COMPUTED_VALUE"""),"KZ.7700.02.01.00726445 / Действителен до 15.02.2026 / 0221174KZ174 / годен до 15.02.2026") -> KZ.7700.02.01.00726445 / Действителен до 15.02.2026 / 0221174KZ174 / годен до 15.02.2026 | H36: =IFERROR(__xludf.DUMMYFUNCTION("""COMPUTED_VALUE"""),"Корсет ортопедический с ребрами жесткости согревающий 3041 XXXL/XXXXL (Болгария) KZ.7700.02.01.00726445 / Действителен до 15.02.2026 / 0221174KZ174 / годен до 15.02.2026") -> Корсет ортопедический с ребрами жесткости согревающий 3041 XXXL/XXXXL (Болгария) KZ.7700.02.01.00726445 / Действителен до 15.02.2026 / 0221174KZ174 / годен до 15.02.2026
A37: =IFERROR(__xludf.DUMMYFUNCTION("""COMPUTED_VALUE"""),"Бандаж лечебно–профилактический (с тремя ребрами жесткости) 4001 L (Болгария)") -> Бандаж лечебно–профилактический (с тремя ребрами жесткости) 4001 L (Болгария) | B37: =IFERROR(__xludf.DUMMYFUNCTION("""COMPUTED_VALUE"""),"KZ.7700.02.01.00726453") -> KZ.7700.02.01.00726453 | C37: =IFERROR(__xludf.DUMMYFUNCTION("""COMPUTED_VALUE"""),"Действителен до 15.02.2026") -> Действителен до 15.02.2026 | D37: =IFERROR(__xludf.DUMMYFUNCTION("""COMPUTED_VALUE"""),"0221174KZ174") -> 0221174KZ174 | E37: =IFERROR(__xludf.DUMMYFUNCTION("""COMPUTED_VALUE"""),"годен до 15.02.2026") -> годен до 15.02.2026 | F37: =IFERROR(__xludf.DUMMYFUNCTION("""COMPUTED_VALUE"""),"Бандаж лечебно–профилактический (с тремя ребрами жесткости) 4001 L (Болгария) - 0221174KZ174") -> Бандаж лечебно–профилактический (с тремя ребрами жесткости) 4001 L (Болгария) - 0221174KZ174 | G37: =IFERROR(__xludf.DUMMYFUNCTION("""COMPUTED_VALUE"""),"KZ.7700.02.01.00726453 / Действителен до 15.02.2026 / 0221174KZ174 / годен до 15.02.2026") -> KZ.7700.02.01.00726453 / Действителен до 15.02.2026 / 0221174KZ174 / годен до 15.02.2026 | H37: =IFERROR(__xludf.DUMMYFUNCTION("""COMPUTED_VALUE"""),"Бандаж лечебно–профилактический (с тремя ребрами жесткости) 4001 L (Болгария) KZ.7700.02.01.00726453 / Действителен до 15.02.2026 / 0221174KZ174 / годен до 15.02.2026") -> Бандаж лечебно–профилактический (с тремя ребрами жесткости) 4001 L (Болгария) KZ.7700.02.01.00726453 / Действителен до 15.02.2026 / 0221174KZ174 / годен до 15.02.2026
A38: =IFERROR(__xludf.DUMMYFUNCTION("""COMPUTED_VALUE"""),"Бандаж лечебно–профилактический (с тремя ребрами жесткости) 4001 M (Болгария)") -> Бандаж лечебно–профилактический (с тремя ребрами жесткости) 4001 M (Болгария) | B38: =IFERROR(__xludf.DUMMYFUNCTION("""COMPUTED_VALUE"""),"KZ.7700.02.01.00726449") -> KZ.7700.02.01.00726449 | C38: =IFERROR(__xludf.DUMMYFUNCTION("""COMPUTED_VALUE"""),"Действителен до 15.02.2026") -> Действителен до 15.02.2026 | D38: =IFERROR(__xludf.DUMMYFUNCTION("""COMPUTED_VALUE"""),"0221174KZ174") -> 0221174KZ174 | E38: =IFERROR(__xludf.DUMMYFUNCTION("""COMPUTED_VALUE"""),"годен до 15.02.2026") -> годен до 15.02.2026 | F38: =IFERROR(__xludf.DUMMYFUNCTION("""COMPUTED_VALUE"""),"Бандаж лечебно–профилактический (с тремя ребрами жесткости) 4001 M (Болгария) - 0221174KZ174") -> Бандаж лечебно–профилактический (с тремя ребрами жесткости) 4001 M (Болгария) - 0221174KZ174 | G38: =IFERROR(__xludf.DUMMYFUNCTION("""COMPUTED_VALUE"""),"KZ.7700.02.01.00726449 / Действителен до 15.02.2026 / 0221174KZ174 / годен до 15.02.2026") -> KZ.7700.02.01.00726449 / Действителен до 15.02.2026 / 0221174KZ174 / годен до 15.02.2026 | H38: =IFERROR(__xludf.DUMMYFUNCTION("""COMPUTED_VALUE"""),"Бандаж лечебно–профилактический (с тремя ребрами жесткости) 4001 M (Болгария) KZ.7700.02.01.00726449 / Действителен до 15.02.2026 / 0221174KZ174 / годен до 15.02.2026") -> Бандаж лечебно–профилактический (с тремя ребрами жесткости) 4001 M (Болгария) KZ.7700.02.01.00726449 / Действителен до 15.02.2026 / 0221174KZ174 / годен до 15.02.2026
A39: =IFERROR(__xludf.DUMMYFUNCTION("""COMPUTED_VALUE"""),"Бандаж лечебно–профилактический (с тремя ребрами жесткости) 4001 S (Болгария)") -> Бандаж лечебно–профилактический (с тремя ребрами жесткости) 4001 S (Болгария) | B39: =IFERROR(__xludf.DUMMYFUNCTION("""COMPUTED_VALUE"""),"KZ.7700.02.01.00726444") -> KZ.7700.02.01.00726444 | C39: =IFERROR(__xludf.DUMMYFUNCTION("""COMPUTED_VALUE"""),"Действителен до 15.02.2026") -> Действителен до 15.02.2026 | D39: =IFERROR(__xludf.DUMMYFUNCTION("""COMPUTED_VALUE"""),"0221174KZ174") -> 0221174KZ174 | E39: =IFERROR(__xludf.DUMMYFUNCTION("""COMPUTED_VALUE"""),"годен до 15.02.2026") -> годен до 15.02.2026 | F39: =IFERROR(__xludf.DUMMYFUNCTION("""COMPUTED_VALUE"""),"Бандаж лечебно–профилактический (с тремя ребрами жесткости) 4001 S (Болгария) - 0221174KZ174") -> Бандаж лечебно–профилактический (с тремя ребрами жесткости) 4001 S (Болгария) - 0221174KZ174 | G39: =IFERROR(__xludf.DUMMYFUNCTION("""COMPUTED_VALUE"""),"KZ.7700.02.01.00726444 / Действителен до 15.02.2026 / 0221174KZ174 / годен до 15.02.2026") -> KZ.7700.02.01.00726444 / Действителен до 15.02.2026 / 0221174KZ174 / годен до 15.02.2026 | H39: =IFERROR(__xludf.DUMMYFUNCTION("""COMPUTED_VALUE"""),"Бандаж лечебно–профилактический (с тремя ребрами жесткости) 4001 S (Болгария) KZ.7700.02.01.00726444 / Действителен до 15.02.2026 / 0221174KZ174 / годен до 15.02.2026") -> Бандаж лечебно–профилактический (с тремя ребрами жесткости) 4001 S (Болгария) KZ.7700.02.01.00726444 / Действителен до 15.02.2026 / 0221174KZ174 / годен до 15.02.2026
A40: =IFERROR(__xludf.DUMMYFUNCTION("""COMPUTED_VALUE"""),"Бандаж лечебно–профилактический (с тремя ребрами жесткости) 4001 XL (Болгария)") -> Бандаж лечебно–профилактический (с тремя ребрами жесткости) 4001 XL (Болгария) | B40: =IFERROR(__xludf.DUMMYFUNCTION("""COMPUTED_VALUE"""),"KZ.7700.02.01.00726448") -> KZ.7700.02.01.00726448 | C40: =IFERROR(__xludf.DUMMYFUNCTION("""COMPUTED_VALUE"""),"Действителен до 15.02.2026") -> Действителен до 15.02.2026 | D40: =IFERROR(__xludf.DUMMYFUNCTION("""COMPUTED_VALUE"""),"0221174KZ174") -> 0221174KZ174 | E40: =IFERROR(__xludf.DUMMYFUNCTION("""COMPUTED_VALUE"""),"годен до 15.02.2026") -> годен до 15.02.2026 | F40: =IFERROR(__xludf.DUMMYFUNCTION("""COMPUTED_VALUE"""),"Бандаж лечебно–профилактический (с тремя ребрами жесткости) 4001 XL (Болгария) - 0221174KZ174") -> Бандаж лечебно–профилактический (с тремя ребрами жесткости) 4001 XL (Болгария) - 0221174KZ174 | G40: =IFERROR(__xludf.DUMMYFUNCTION("""COMPUTED_VALUE"""),"KZ.7700.02.01.00726448 / Действителен до 15.02.2026 / 0221174KZ174 / годен до 15.02.2026") -> KZ.7700.02.01.00726448 / Действителен до 15.02.2026 / 0221174KZ174 / годен до 15.02.2026 | H40: =IFERROR(__xludf.DUMMYFUNCTION("""COMPUTED_VALUE"""),"Бандаж лечебно–профилактический (с тремя ребрами жесткости) 4001 XL (Болгария) KZ.7700.02.01.00726448 / Действителен до 15.02.2026 / 0221174KZ174 / годен до 15.02.2026") -> Бандаж лечебно–профилактический (с тремя ребрами жесткости) 4001 XL (Болгария) KZ.7700.02.01.00726448 / Действителен до 15.02.2026 / 0221174KZ174 / годен до 15.02.2026
A41: =IFERROR(__xludf.DUMMYFUNCTION("""COMPUTED_VALUE"""),"Бандаж лечебно–профилактический (с тремя ребрами жесткости) 4001 XXL (Болгария)") -> Бандаж лечебно–профилактический (с тремя ребрами жесткости) 4001 XXL (Болгария) | B41: =IFERROR(__xludf.DUMMYFUNCTION("""COMPUTED_VALUE"""),"KZ.7700.02.01.00726447") -> KZ.7700.02.01.00726447 | C41: =IFERROR(__xludf.DUMMYFUNCTION("""COMPUTED_VALUE"""),"Действителен до 15.02.2026") -> Действителен до 15.02.2026 | D41: =IFERROR(__xludf.DUMMYFUNCTION("""COMPUTED_VALUE"""),"0221174KZ174") -> 0221174KZ174 | E41: =IFERROR(__xludf.DUMMYFUNCTION("""COMPUTED_VALUE"""),"годен до 15.02.2026") -> годен до 15.02.2026 | F41: =IFERROR(__xludf.DUMMYFUNCTION("""COMPUTED_VALUE"""),"Бандаж лечебно–профилактический (с тремя ребрами жесткости) 4001 XXL (Болгария) - 0221174KZ174") -> Бандаж лечебно–профилактический (с тремя ребрами жесткости) 4001 XXL (Болгария) - 0221174KZ174 | G41: =IFERROR(__xludf.DUMMYFUNCTION("""COMPUTED_VALUE"""),"KZ.7700.02.01.00726447 / Действителен до 15.02.2026 / 0221174KZ174 / годен до 15.02.2026") -> KZ.7700.02.01.00726447 / Действителен до 15.02.2026 / 0221174KZ174 / годен до 15.02.2026 | H41: =IFERROR(__xludf.DUMMYFUNCTION("""COMPUTED_VALUE"""),"Бандаж лечебно–профилактический (с тремя ребрами жесткости) 4001 XXL (Болгария) KZ.7700.02.01.00726447 / Действителен до 15.02.2026 / 0221174KZ174 / годен до 15.02.2026") -> Бандаж лечебно–профилактический (с тремя ребрами жесткости) 4001 XXL (Болгария) KZ.7700.02.01.00726447 / Действителен до 15.02.2026 / 0221174KZ174 / годен до 15.02.2026
A42: =IFERROR(__xludf.DUMMYFUNCTION("""COMPUTED_VALUE"""),"Бандаж лечебно–профилактический (с тремя ребрами жесткости) 4001 XXXL(Болгария)") -> Бандаж лечебно–профилактический (с тремя ребрами жесткости) 4001 XXXL(Болгария) | B42: =IFERROR(__xludf.DUMMYFUNCTION("""COMPUTED_VALUE"""),"KZ.7700.02.01.00726451") -> KZ.7700.02.01.00726451 | C42: =IFERROR(__xludf.DUMMYFUNCTION("""COMPUTED_VALUE"""),"Действителен до 15.02.2026") -> Действителен до 15.02.2026 | D42: =IFERROR(__xludf.DUMMYFUNCTION("""COMPUTED_VALUE"""),"0221174KZ174") -> 0221174KZ174 | E42: =IFERROR(__xludf.DUMMYFUNCTION("""COMPUTED_VALUE"""),"годен до 15.02.2026") -> годен до 15.02.2026 | F42: =IFERROR(__xludf.DUMMYFUNCTION("""COMPUTED_VALUE"""),"Бандаж лечебно–профилактический (с тремя ребрами жесткости) 4001 XXXL(Болгария) - 0221174KZ174") -> Бандаж лечебно–профилактический (с тремя ребрами жесткости) 4001 XXXL(Болгария) - 0221174KZ174 | G42: =IFERROR(__xludf.DUMMYFUNCTION("""COMPUTED_VALUE"""),"KZ.7700.02.01.00726451 / Действителен до 15.02.2026 / 0221174KZ174 / годен до 15.02.2026") -> KZ.7700.02.01.00726451 / Действителен до 15.02.2026 / 0221174KZ174 / годен до 15.02.2026 | H42: =IFERROR(__xludf.DUMMYFUNCTION("""COMPUTED_VALUE"""),"Бандаж лечебно–профилактический (с тремя ребрами жесткости) 4001 XXXL(Болгария) KZ.7700.02.01.00726451 / Действителен до 15.02.2026 / 0221174KZ174 / годен до 15.02.2026") -> Бандаж лечебно–профилактический (с тремя ребрами жесткости) 4001 XXXL(Болгария) KZ.7700.02.01.00726451 / Действителен до 15.02.2026 / 0221174KZ174 / годен до 15.02.2026
A43: =IFERROR(__xludf.DUMMYFUNCTION("""COMPUTED_VALUE"""),"Бандаж лечебно–профилактический (с тремя ребрами жесткости) 4001 XXXXL(Болгария)") -> Бандаж лечебно–профилактический (с тремя ребрами жесткости) 4001 XXXXL(Болгария) | B43: =IFERROR(__xludf.DUMMYFUNCTION("""COMPUTED_VALUE"""),"KZ.7700.02.01.00726450") -> KZ.7700.02.01.00726450 | C43: =IFERROR(__xludf.DUMMYFUNCTION("""COMPUTED_VALUE"""),"Действителен до 15.02.2026") -> Действителен до 15.02.2026 | D43: =IFERROR(__xludf.DUMMYFUNCTION("""COMPUTED_VALUE"""),"0221174KZ174") -> 0221174KZ174 | E43: =IFERROR(__xludf.DUMMYFUNCTION("""COMPUTED_VALUE"""),"годен до 15.02.2026") -> годен до 15.02.2026 | F43: =IFERROR(__xludf.DUMMYFUNCTION("""COMPUTED_VALUE"""),"Бандаж лечебно–профилактический (с тремя ребрами жесткости) 4001 XXXXL(Болгария) - 0221174KZ174") -> Бандаж лечебно–профилактический (с тремя ребрами жесткости) 4001 XXXXL(Болгария) - 0221174KZ174 | G43: =IFERROR(__xludf.DUMMYFUNCTION("""COMPUTED_VALUE"""),"KZ.7700.02.01.00726450 / Действителен до 15.02.2026 / 0221174KZ174 / годен до 15.02.2026") -> KZ.7700.02.01.00726450 / Действителен до 15.02.2026 / 0221174KZ174 / годен до 15.02.2026 | H43: =IFERROR(__xludf.DUMMYFUNCTION("""COMPUTED_VALUE"""),"Бандаж лечебно–профилактический (с тремя ребрами жесткости) 4001 XXXXL(Болгария) KZ.7700.02.01.00726450 / Действителен до 15.02.2026 / 0221174KZ174 / годен до 15.02.2026") -> Бандаж лечебно–профилактический (с тремя ребрами жесткости) 4001 XXXXL(Болгария) KZ.7700.02.01.00726450 / Действителен до 15.02.2026 / 0221174KZ174 / годен до 15.02.2026
A44: =IFERROR(__xludf.DUMMYFUNCTION("""COMPUTED_VALUE"""),"Бандаж лечебно–профилактический эластичный 4002 L (Болгария)") -> Бандаж лечебно–профилактический эластичный 4002 L (Болгария) | B44: =IFERROR(__xludf.DUMMYFUNCTION("""COMPUTED_VALUE"""),"KZ.7700.02.01.00726458") -> KZ.7700.02.01.00726458 | C44: =IFERROR(__xludf.DUMMYFUNCTION("""COMPUTED_VALUE"""),"Действителен до 15.02.2026") -> Действителен до 15.02.2026 | D44: =IFERROR(__xludf.DUMMYFUNCTION("""COMPUTED_VALUE"""),"0221174KZ174") -> 0221174KZ174 | E44: =IFERROR(__xludf.DUMMYFUNCTION("""COMPUTED_VALUE"""),"годен до 15.02.2026") -> годен до 15.02.2026 | F44: =IFERROR(__xludf.DUMMYFUNCTION("""COMPUTED_VALUE"""),"Бандаж лечебно–профилактический эластичный 4002 L (Болгария) - 0221174KZ174") -> Бандаж лечебно–профилактический эластичный 4002 L (Болгария) - 0221174KZ174 | G44: =IFERROR(__xludf.DUMMYFUNCTION("""COMPUTED_VALUE"""),"KZ.7700.02.01.00726458 / Действителен до 15.02.2026 / 0221174KZ174 / годен до 15.02.2026") -> KZ.7700.02.01.00726458 / Действителен до 15.02.2026 / 0221174KZ174 / годен до 15.02.2026 | H44: =IFERROR(__xludf.DUMMYFUNCTION("""COMPUTED_VALUE"""),"Бандаж лечебно–профилактический эластичный 4002 L (Болгария) KZ.7700.02.01.00726458 / Действителен до 15.02.2026 / 0221174KZ174 / годен до 15.02.2026") -> Бандаж лечебно–профилактический эластичный 4002 L (Болгария) KZ.7700.02.01.00726458 / Действителен до 15.02.2026 / 0221174KZ174 / годен до 15.02.2026
A45: =IFERROR(__xludf.DUMMYFUNCTION("""COMPUTED_VALUE"""),"Бандаж лечебно–профилактический эластичный 4002 M (Болгария)") -> Бандаж лечебно–профилактический эластичный 4002 M (Болгария) | B45: =IFERROR(__xludf.DUMMYFUNCTION("""COMPUTED_VALUE"""),"KZ.7700.02.01.00726460") -> KZ.7700.02.01.00726460 | C45: =IFERROR(__xludf.DUMMYFUNCTION("""COMPUTED_VALUE"""),"Действителен до 15.02.2026") -> Действителен до 15.02.2026 | D45: =IFERROR(__xludf.DUMMYFUNCTION("""COMPUTED_VALUE"""),"0221174KZ174") -> 0221174KZ174 | E45: =IFERROR(__xludf.DUMMYFUNCTION("""COMPUTED_VALUE"""),"годен до 15.02.2026") -> годен до 15.02.2026 | F45: =IFERROR(__xludf.DUMMYFUNCTION("""COMPUTED_VALUE"""),"Бандаж лечебно–профилактический эластичный 4002 M (Болгария) - 0221174KZ174") -> Бандаж лечебно–профилактический эластичный 4002 M (Болгария) - 0221174KZ174 | G45: =IFERROR(__xludf.DUMMYFUNCTION("""COMPUTED_VALUE"""),"KZ.7700.02.01.00726460 / Действителен до 15.02.2026 / 0221174KZ174 / годен до 15.02.2026") -> KZ.7700.02.01.00726460 / Действителен до 15.02.2026 / 0221174KZ174 / годен до 15.02.2026 | H45: =IFERROR(__xludf.DUMMYFUNCTION("""COMPUTED_VALUE"""),"Бандаж лечебно–профилактический эластичный 4002 M (Болгария) KZ.7700.02.01.00726460 / Действителен до 15.02.2026 / 0221174KZ174 / годен до 15.02.2026") -> Бандаж лечебно–профилактический эластичный 4002 M (Болгария) KZ.7700.02.01.00726460 / Действителен до 15.02.2026 / 0221174KZ174 / годен до 15.02.2026
A46: =IFERROR(__xludf.DUMMYFUNCTION("""COMPUTED_VALUE"""),"Бандаж лечебно–профилактический эластичный 4002 S (Болгария)") -> Бандаж лечебно–профилактический эластичный 4002 S (Болгария) | B46: =IFERROR(__xludf.DUMMYFUNCTION("""COMPUTED_VALUE"""),"KZ.7700.02.01.00726452") -> KZ.7700.02.01.00726452 | C46: =IFERROR(__xludf.DUMMYFUNCTION("""COMPUTED_VALUE"""),"Действителен до 15.02.2026") -> Действителен до 15.02.2026 | D46: =IFERROR(__xludf.DUMMYFUNCTION("""COMPUTED_VALUE"""),"0221174KZ174") -> 0221174KZ174 | E46: =IFERROR(__xludf.DUMMYFUNCTION("""COMPUTED_VALUE"""),"годен до 15.02.2026") -> годен до 15.02.2026 | F46: =IFERROR(__xludf.DUMMYFUNCTION("""COMPUTED_VALUE"""),"Бандаж лечебно–профилактический эластичный 4002 S (Болгария) - 0221174KZ174") -> Бандаж лечебно–профилактический эластичный 4002 S (Болгария) - 0221174KZ174 | G46: =IFERROR(__xludf.DUMMYFUNCTION("""COMPUTED_VALUE"""),"KZ.7700.02.01.00726452 / Действителен до 15.02.2026 / 0221174KZ174 / годен до 15.02.2026") -> KZ.7700.02.01.00726452 / Действителен до 15.02.2026 / 0221174KZ174 / годен до 15.02.2026 | H46: =IFERROR(__xludf.DUMMYFUNCTION("""COMPUTED_VALUE"""),"Бандаж лечебно–профилактический эластичный 4002 S (Болгария) KZ.7700.02.01.00726452 / Действителен до 15.02.2026 / 0221174KZ174 / годен до 15.02.2026") -> Бандаж лечебно–профилактический эластичный 4002 S (Болгария) KZ.7700.02.01.00726452 / Действителен до 15.02.2026 / 0221174KZ174 / годен до 15.02.2026
A47: =IFERROR(__xludf.DUMMYFUNCTION("""COMPUTED_VALUE"""),"Бандаж лечебно–профилактический эластичный 4002 XL (Болгария)") -> Бандаж лечебно–профилактический эластичный 4002 XL (Болгария) | B47: =IFERROR(__xludf.DUMMYFUNCTION("""COMPUTED_VALUE"""),"KZ.7700.02.01.00726456") -> KZ.7700.02.01.00726456 | C47: =IFERROR(__xludf.DUMMYFUNCTION("""COMPUTED_VALUE"""),"Действителен до 15.02.2026") -> Действителен до 15.02.2026 | D47: =IFERROR(__xludf.DUMMYFUNCTION("""COMPUTED_VALUE"""),"0221174KZ174") -> 0221174KZ174 | E47: =IFERROR(__xludf.DUMMYFUNCTION("""COMPUTED_VALUE"""),"годен до 15.02.2026") -> годен до 15.02.2026 | F47: =IFERROR(__xludf.DUMMYFUNCTION("""COMPUTED_VALUE"""),"Бандаж лечебно–профилактический эластичный 4002 XL (Болгария) - 0221174KZ174") -> Бандаж лечебно–профилактический эластичный 4002 XL (Болгария) - 0221174KZ174 | G47: =IFERROR(__xludf.DUMMYFUNCTION("""COMPUTED_VALUE"""),"KZ.7700.02.01.00726456 / Действителен до 15.02.2026 / 0221174KZ174 / годен до 15.02.2026") -> KZ.7700.02.01.00726456 / Действителен до 15.02.2026 / 0221174KZ174 / годен до 15.02.2026 | H47: =IFERROR(__xludf.DUMMYFUNCTION("""COMPUTED_VALUE"""),"Бандаж лечебно–профилактический эластичный 4002 XL (Болгария) KZ.7700.02.01.00726456 / Действителен до 15.02.2026 / 0221174KZ174 / годен до 15.02.2026") -> Бандаж лечебно–профилактический эластичный 4002 XL (Болгария) KZ.7700.02.01.00726456 / Действителен до 15.02.2026 / 0221174KZ174 / годен до 15.02.2026
A48: =IFERROR(__xludf.DUMMYFUNCTION("""COMPUTED_VALUE"""),"Бандаж лечебно–профилактический эластичный 4002 XXL (Болгария)") -> Бандаж лечебно–профилактический эластичный 4002 XXL (Болгария) | B48: =IFERROR(__xludf.DUMMYFUNCTION("""COMPUTED_VALUE"""),"KZ.7700.02.01.00726457") -> KZ.7700.02.01.00726457 | C48: =IFERROR(__xludf.DUMMYFUNCTION("""COMPUTED_VALUE"""),"Действителен до 15.02.2026") -> Действителен до 15.02.2026 | D48: =IFERROR(__xludf.DUMMYFUNCTION("""COMPUTED_VALUE"""),"0221174KZ174") -> 0221174KZ174 | E48: =IFERROR(__xludf.DUMMYFUNCTION("""COMPUTED_VALUE"""),"годен до 15.02.2026") -> годен до 15.02.2026 | F48: =IFERROR(__xludf.DUMMYFUNCTION("""COMPUTED_VALUE"""),"Бандаж лечебно–профилактический эластичный 4002 XXL (Болгария) - 0221174KZ174") -> Бандаж лечебно–профилактический эластичный 4002 XXL (Болгария) - 0221174KZ174 | G48: =IFERROR(__xludf.DUMMYFUNCTION("""COMPUTED_VALUE"""),"KZ.7700.02.01.00726457 / Действителен до 15.02.2026 / 0221174KZ174 / годен до 15.02.2026") -> KZ.7700.02.01.00726457 / Действителен до 15.02.2026 / 0221174KZ174 / годен до 15.02.2026 | H48: =IFERROR(__xludf.DUMMYFUNCTION("""COMPUTED_VALUE"""),"Бандаж лечебно–профилактический эластичный 4002 XXL (Болгария) KZ.7700.02.01.00726457 / Действителен до 15.02.2026 / 0221174KZ174 / годен до 15.02.2026") -> Бандаж лечебно–профилактический эластичный 4002 XXL (Болгария) KZ.7700.02.01.00726457 / Действителен до 15.02.2026 / 0221174KZ174 / годен до 15.02.2026
A49: =IFERROR(__xludf.DUMMYFUNCTION("""COMPUTED_VALUE"""),"Бандаж лечебно–профилактический эластичный 4002 XXXL (Болгария)") -> Бандаж лечебно–профилактический эластичный 4002 XXXL (Болгария) | B49: =IFERROR(__xludf.DUMMYFUNCTION("""COMPUTED_VALUE"""),"KZ.7700.02.01.00726454") -> KZ.7700.02.01.00726454 | C49: =IFERROR(__xludf.DUMMYFUNCTION("""COMPUTED_VALUE"""),"Действителен до 15.02.2026") -> Действителен до 15.02.2026 | D49: =IFERROR(__xludf.DUMMYFUNCTION("""COMPUTED_VALUE"""),"0221174KZ174") -> 0221174KZ174 | E49: =IFERROR(__xludf.DUMMYFUNCTION("""COMPUTED_VALUE"""),"годен до 15.02.2026") -> годен до 15.02.2026 | F49: =IFERROR(__xludf.DUMMYFUNCTION("""COMPUTED_VALUE"""),"Бандаж лечебно–профилактический эластичный 4002 XXXL (Болгария) - 0221174KZ174") -> Бандаж лечебно–профилактический эластичный 4002 XXXL (Болгария) - 0221174KZ174 | G49: =IFERROR(__xludf.DUMMYFUNCTION("""COMPUTED_VALUE"""),"KZ.7700.02.01.00726454 / Действителен до 15.02.2026 / 0221174KZ174 / годен до 15.02.2026") -> KZ.7700.02.01.00726454 / Действителен до 15.02.2026 / 0221174KZ174 / годен до 15.02.2026 | H49: =IFERROR(__xludf.DUMMYFUNCTION("""COMPUTED_VALUE"""),"Бандаж лечебно–профилактический эластичный 4002 XXXL (Болгария) KZ.7700.02.01.00726454 / Действителен до 15.02.2026 / 0221174KZ174 / годен до 15.02.2026") -> Бандаж лечебно–профилактический эластичный 4002 XXXL (Болгария) KZ.7700.02.01.00726454 / Действителен до 15.02.2026 / 0221174KZ174 / годен до 15.02.2026
A50: =IFERROR(__xludf.DUMMYFUNCTION("""COMPUTED_VALUE"""),"Бандаж лечебно–профилактический эластичный 4002 XXXXL (Болгария)") -> Бандаж лечебно–профилактический эластичный 4002 XXXXL (Болгария) | B50: =IFERROR(__xludf.DUMMYFUNCTION("""COMPUTED_VALUE"""),"KZ.7700.02.01.00726461") -> KZ.7700.02.01.00726461 | C50: =IFERROR(__xludf.DUMMYFUNCTION("""COMPUTED_VALUE"""),"Действителен до 15.02.2026") -> Действителен до 15.02.2026 | D50: =IFERROR(__xludf.DUMMYFUNCTION("""COMPUTED_VALUE"""),"0221174KZ174") -> 0221174KZ174 | E50: =IFERROR(__xludf.DUMMYFUNCTION("""COMPUTED_VALUE"""),"годен до 15.02.2026") -> годен до 15.02.2026 | F50: =IFERROR(__xludf.DUMMYFUNCTION("""COMPUTED_VALUE"""),"Бандаж лечебно–профилактический эластичный 4002 XXXXL (Болгария) - 0221174KZ174") -> Бандаж лечебно–профилактический эластичный 4002 XXXXL (Болгария) - 0221174KZ174 | G50: =IFERROR(__xludf.DUMMYFUNCTION("""COMPUTED_VALUE"""),"KZ.7700.02.01.00726461 / Действителен до 15.02.2026 / 0221174KZ174 / годен до 15.02.2026") -> KZ.7700.02.01.00726461 / Действителен до 15.02.2026 / 0221174KZ174 / годен до 15.02.2026 | H50: =IFERROR(__xludf.DUMMYFUNCTION("""COMPUTED_VALUE"""),"Бандаж лечебно–профилактический эластичный 4002 XXXXL (Болгария) KZ.7700.02.01.00726461 / Действителен до 15.02.2026 / 0221174KZ174 / годен до 15.02.2026") -> Бандаж лечебно–профилактический эластичный 4002 XXXXL (Болгария) KZ.7700.02.01.00726461 / Действителен до 15.02.2026 / 0221174KZ174 / годен до 15.02.2026
A51: =IFERROR(__xludf.DUMMYFUNCTION("""COMPUTED_VALUE"""),"Бандаж универсальный 4011 M/L (Болгария)") -> Бандаж универсальный 4011 M/L (Болгария) | B51: =IFERROR(__xludf.DUMMYFUNCTION("""COMPUTED_VALUE"""),"KZ.7700.02.01.00726464") -> KZ.7700.02.01.00726464 | C51: =IFERROR(__xludf.DUMMYFUNCTION("""COMPUTED_VALUE"""),"Действителен до 15.02.2026") -> Действителен до 15.02.2026 | D51: =IFERROR(__xludf.DUMMYFUNCTION("""COMPUTED_VALUE"""),"0221174KZ174") -> 0221174KZ174 | E51: =IFERROR(__xludf.DUMMYFUNCTION("""COMPUTED_VALUE"""),"годен до 15.02.2026") -> годен до 15.02.2026 | F51: =IFERROR(__xludf.DUMMYFUNCTION("""COMPUTED_VALUE"""),"Бандаж универсальный 4011 M/L (Болгария) - 0221174KZ174") -> Бандаж универсальный 4011 M/L (Болгария) - 0221174KZ174 | G51: =IFERROR(__xludf.DUMMYFUNCTION("""COMPUTED_VALUE"""),"KZ.7700.02.01.00726464 / Действителен до 15.02.2026 / 0221174KZ174 / годен до 15.02.2026") -> KZ.7700.02.01.00726464 / Действителен до 15.02.2026 / 0221174KZ174 / годен до 15.02.2026 | H51: =IFERROR(__xludf.DUMMYFUNCTION("""COMPUTED_VALUE"""),"Бандаж универсальный 4011 M/L (Болгария) KZ.7700.02.01.00726464 / Действителен до 15.02.2026 / 0221174KZ174 / годен до 15.02.2026") -> Бандаж универсальный 4011 M/L (Болгария) KZ.7700.02.01.00726464 / Действителен до 15.02.2026 / 0221174KZ174 / годен до 15.02.2026
A52: =IFERROR(__xludf.DUMMYFUNCTION("""COMPUTED_VALUE"""),"Бандаж универсальный 4011 XL/XXL (Болгария)") -> Бандаж универсальный 4011 XL/XXL (Болгария) | B52: =IFERROR(__xludf.DUMMYFUNCTION("""COMPUTED_VALUE"""),"KZ.7700.02.01.00726465") -> KZ.7700.02.01.00726465 | C52: =IFERROR(__xludf.DUMMYFUNCTION("""COMPUTED_VALUE"""),"Действителен до 15.02.2026") -> Действителен до 15.02.2026 | D52: =IFERROR(__xludf.DUMMYFUNCTION("""COMPUTED_VALUE"""),"0221174KZ174") -> 0221174KZ174 | E52: =IFERROR(__xludf.DUMMYFUNCTION("""COMPUTED_VALUE"""),"годен до 15.02.2026") -> годен до 15.02.2026 | F52: =IFERROR(__xludf.DUMMYFUNCTION("""COMPUTED_VALUE"""),"Бандаж универсальный 4011 XL/XXL (Болгария) - 0221174KZ174") -> Бандаж универсальный 4011 XL/XXL (Болгария) - 0221174KZ174 | G52: =IFERROR(__xludf.DUMMYFUNCTION("""COMPUTED_VALUE"""),"KZ.7700.02.01.00726465 / Действителен до 15.02.2026 / 0221174KZ174 / годен до 15.02.2026") -> KZ.7700.02.01.00726465 / Действителен до 15.02.2026 / 0221174KZ174 / годен до 15.02.2026 | H52: =IFERROR(__xludf.DUMMYFUNCTION("""COMPUTED_VALUE"""),"Бандаж универсальный 4011 XL/XXL (Болгария) KZ.7700.02.01.00726465 / Действителен до 15.02.2026 / 0221174KZ174 / годен до 15.02.2026") -> Бандаж универсальный 4011 XL/XXL (Болгария) KZ.7700.02.01.00726465 / Действителен до 15.02.2026 / 0221174KZ174 / годен до 15.02.2026
A53: =IFERROR(__xludf.DUMMYFUNCTION("""COMPUTED_VALUE"""),"Бандаж универсальный 4011 XXXL/XXXXL (Болгария)") -> Бандаж универсальный 4011 XXXL/XXXXL (Болгария) | B53: =IFERROR(__xludf.DUMMYFUNCTION("""COMPUTED_VALUE"""),"KZ.7700.02.01.00726469") -> KZ.7700.02.01.00726469 | C53: =IFERROR(__xludf.DUMMYFUNCTION("""COMPUTED_VALUE"""),"Действителен до 15.02.2026") -> Действителен до 15.02.2026 | D53: =IFERROR(__xludf.DUMMYFUNCTION("""COMPUTED_VALUE"""),"0221174KZ174") -> 0221174KZ174 | E53: =IFERROR(__xludf.DUMMYFUNCTION("""COMPUTED_VALUE"""),"годен до 15.02.2026") -> годен до 15.02.2026 | F53: =IFERROR(__xludf.DUMMYFUNCTION("""COMPUTED_VALUE"""),"Бандаж универсальный 4011 XXXL/XXXXL (Болгария) - 0221174KZ174") -> Бандаж универсальный 4011 XXXL/XXXXL (Болгария) - 0221174KZ174 | G53: =IFERROR(__xludf.DUMMYFUNCTION("""COMPUTED_VALUE"""),"KZ.7700.02.01.00726469 / Действителен до 15.02.2026 / 0221174KZ174 / годен до 15.02.2026") -> KZ.7700.02.01.00726469 / Действителен до 15.02.2026 / 0221174KZ174 / годен до 15.02.2026 | H53: =IFERROR(__xludf.DUMMYFUNCTION("""COMPUTED_VALUE"""),"Бандаж универсальный 4011 XXXL/XXXXL (Болгария) KZ.7700.02.01.00726469 / Действителен до 15.02.2026 / 0221174KZ174 / годен до 15.02.2026") -> Бандаж универсальный 4011 XXXL/XXXXL (Болгария) KZ.7700.02.01.00726469 / Действителен до 15.02.2026 / 0221174KZ174 / годен до 15.02.2026
A54: =IFERROR(__xludf.DUMMYFUNCTION("""COMPUTED_VALUE"""),"Бандаж грыжевой лево-и правосторонний 5001 M/L (Болгария)") -> Бандаж грыжевой лево-и правосторонний 5001 M/L (Болгария) | B54: =IFERROR(__xludf.DUMMYFUNCTION("""COMPUTED_VALUE"""),"KZ.7700.02.01.00726470") -> KZ.7700.02.01.00726470 | C54: =IFERROR(__xludf.DUMMYFUNCTION("""COMPUTED_VALUE"""),"Действителен до 15.02.2026") -> Действителен до 15.02.2026 | D54: =IFERROR(__xludf.DUMMYFUNCTION("""COMPUTED_VALUE"""),"0221174KZ174") -> 0221174KZ174 | E54: =IFERROR(__xludf.DUMMYFUNCTION("""COMPUTED_VALUE"""),"годен до 15.02.2026") -> годен до 15.02.2026 | F54: =IFERROR(__xludf.DUMMYFUNCTION("""COMPUTED_VALUE"""),"Бандаж грыжевой лево-и правосторонний 5001 M/L (Болгария) - 0221174KZ174") -> Бандаж грыжевой лево-и правосторонний 5001 M/L (Болгария) - 0221174KZ174 | G54: =IFERROR(__xludf.DUMMYFUNCTION("""COMPUTED_VALUE"""),"KZ.7700.02.01.00726470 / Действителен до 15.02.2026 / 0221174KZ174 / годен до 15.02.2026") -> KZ.7700.02.01.00726470 / Действителен до 15.02.2026 / 0221174KZ174 / годен до 15.02.2026 | H54: =IFERROR(__xludf.DUMMYFUNCTION("""COMPUTED_VALUE"""),"Бандаж грыжевой лево-и правосторонний 5001 M/L (Болгария) KZ.7700.02.01.00726470 / Действителен до 15.02.2026 / 0221174KZ174 / годен до 15.02.2026") -> Бандаж грыжевой лево-и правосторонний 5001 M/L (Болгария) KZ.7700.02.01.00726470 / Действителен до 15.02.2026 / 0221174KZ174 / годен до 15.02.2026
A55: =IFERROR(__xludf.DUMMYFUNCTION("""COMPUTED_VALUE"""),"Бандаж грыжевой лево-и правосторонний 5001 XL/XXL (Болгария)") -> Бандаж грыжевой лево-и правосторонний 5001 XL/XXL (Болгария) | B55: =IFERROR(__xludf.DUMMYFUNCTION("""COMPUTED_VALUE"""),"KZ.7700.02.01.00726471") -> KZ.7700.02.01.00726471 | C55: =IFERROR(__xludf.DUMMYFUNCTION("""COMPUTED_VALUE"""),"Действителен до 15.02.2026") -> Действителен до 15.02.2026 | D55: =IFERROR(__xludf.DUMMYFUNCTION("""COMPUTED_VALUE"""),"0221174KZ174") -> 0221174KZ174 | E55: =IFERROR(__xludf.DUMMYFUNCTION("""COMPUTED_VALUE"""),"годен до 15.02.2026") -> годен до 15.02.2026 | F55: =IFERROR(__xludf.DUMMYFUNCTION("""COMPUTED_VALUE"""),"Бандаж грыжевой лево-и правосторонний 5001 XL/XXL (Болгария) - 0221174KZ174") -> Бандаж грыжевой лево-и правосторонний 5001 XL/XXL (Болгария) - 0221174KZ174 | G55: =IFERROR(__xludf.DUMMYFUNCTION("""COMPUTED_VALUE"""),"KZ.7700.02.01.00726471 / Действителен до 15.02.2026 / 0221174KZ174 / годен до 15.02.2026") -> KZ.7700.02.01.00726471 / Действителен до 15.02.2026 / 0221174KZ174 / годен до 15.02.2026 | H55: =IFERROR(__xludf.DUMMYFUNCTION("""COMPUTED_VALUE"""),"Бандаж грыжевой лево-и правосторонний 5001 XL/XXL (Болгария) KZ.7700.02.01.00726471 / Действителен до 15.02.2026 / 0221174KZ174 / годен до 15.02.2026") -> Бандаж грыжевой лево-и правосторонний 5001 XL/XXL (Болгария) KZ.7700.02.01.00726471 / Действителен до 15.02.2026 / 0221174KZ174 / годен до 15.02.2026
A56: =IFERROR(__xludf.DUMMYFUNCTION("""COMPUTED_VALUE"""),"Бандаж грыжевой лево-и правосторонний 5001 XS/S (Болгария)") -> Бандаж грыжевой лево-и правосторонний 5001 XS/S (Болгария) | B56: =IFERROR(__xludf.DUMMYFUNCTION("""COMPUTED_VALUE"""),"KZ.7700.02.01.00726468") -> KZ.7700.02.01.00726468 | C56: =IFERROR(__xludf.DUMMYFUNCTION("""COMPUTED_VALUE"""),"Действителен до 15.02.2026") -> Действителен до 15.02.2026 | D56: =IFERROR(__xludf.DUMMYFUNCTION("""COMPUTED_VALUE"""),"0221174KZ174") -> 0221174KZ174 | E56: =IFERROR(__xludf.DUMMYFUNCTION("""COMPUTED_VALUE"""),"годен до 15.02.2026") -> годен до 15.02.2026 | F56: =IFERROR(__xludf.DUMMYFUNCTION("""COMPUTED_VALUE"""),"Бандаж грыжевой лево-и правосторонний 5001 XS/S (Болгария) - 0221174KZ174") -> Бандаж грыжевой лево-и правосторонний 5001 XS/S (Болгария) - 0221174KZ174 | G56: =IFERROR(__xludf.DUMMYFUNCTION("""COMPUTED_VALUE"""),"KZ.7700.02.01.00726468 / Действителен до 15.02.2026 / 0221174KZ174 / годен до 15.02.2026") -> KZ.7700.02.01.00726468 / Действителен до 15.02.2026 / 0221174KZ174 / годен до 15.02.2026 | H56: =IFERROR(__xludf.DUMMYFUNCTION("""COMPUTED_VALUE"""),"Бандаж грыжевой лево-и правосторонний 5001 XS/S (Болгария) KZ.7700.02.01.00726468 / Действителен до 15.02.2026 / 0221174KZ174 / годен до 15.02.2026") -> Бандаж грыжевой лево-и правосторонний 5001 XS/S (Болгария) KZ.7700.02.01.00726468 / Действителен до 15.02.2026 / 0221174KZ174 / годен до 15.02.2026
A57: =IFERROR(__xludf.DUMMYFUNCTION("""COMPUTED_VALUE"""),"Бандаж при пупочной грыже 5051 M/L (Болгария)") -> Бандаж при пупочной грыже 5051 M/L (Болгария) | B57: =IFERROR(__xludf.DUMMYFUNCTION("""COMPUTED_VALUE"""),"KZ.7700.02.01.00726480") -> KZ.7700.02.01.00726480 | C57: =IFERROR(__xludf.DUMMYFUNCTION("""COMPUTED_VALUE"""),"Действителен до 15.02.2026") -> Действителен до 15.02.2026 | D57: =IFERROR(__xludf.DUMMYFUNCTION("""COMPUTED_VALUE"""),"0221174KZ174") -> 0221174KZ174 | E57: =IFERROR(__xludf.DUMMYFUNCTION("""COMPUTED_VALUE"""),"годен до 15.02.2026") -> годен до 15.02.2026 | F57: =IFERROR(__xludf.DUMMYFUNCTION("""COMPUTED_VALUE"""),"Бандаж при пупочной грыже 5051 M/L (Болгария) - 0221174KZ174") -> Бандаж при пупочной грыже 5051 M/L (Болгария) - 0221174KZ174 | G57: =IFERROR(__xludf.DUMMYFUNCTION("""COMPUTED_VALUE"""),"KZ.7700.02.01.00726480 / Действителен до 15.02.2026 / 0221174KZ174 / годен до 15.02.2026") -> KZ.7700.02.01.00726480 / Действителен до 15.02.2026 / 0221174KZ174 / годен до 15.02.2026 | H57: =IFERROR(__xludf.DUMMYFUNCTION("""COMPUTED_VALUE"""),"Бандаж при пупочной грыже 5051 M/L (Болгария) KZ.7700.02.01.00726480 / Действителен до 15.02.2026 / 0221174KZ174 / годен до 15.02.2026") -> Бандаж при пупочной грыже 5051 M/L (Болгария) KZ.7700.02.01.00726480 / Действителен до 15.02.2026 / 0221174KZ174 / годен до 15.02.2026
A58: =IFERROR(__xludf.DUMMYFUNCTION("""COMPUTED_VALUE"""),"Бандаж при пупочной грыже 5051 XL/XXL (Болгария)") -> Бандаж при пупочной грыже 5051 XL/XXL (Болгария) | B58: =IFERROR(__xludf.DUMMYFUNCTION("""COMPUTED_VALUE"""),"KZ.7700.02.01.00726478") -> KZ.7700.02.01.00726478 | C58: =IFERROR(__xludf.DUMMYFUNCTION("""COMPUTED_VALUE"""),"Действителен до 15.02.2026") -> Действителен до 15.02.2026 | D58: =IFERROR(__xludf.DUMMYFUNCTION("""COMPUTED_VALUE"""),"0221174KZ174") -> 0221174KZ174 | E58: =IFERROR(__xludf.DUMMYFUNCTION("""COMPUTED_VALUE"""),"годен до 15.02.2026") -> годен до 15.02.2026 | F58: =IFERROR(__xludf.DUMMYFUNCTION("""COMPUTED_VALUE"""),"Бандаж при пупочной грыже 5051 XL/XXL (Болгария) - 0221174KZ174") -> Бандаж при пупочной грыже 5051 XL/XXL (Болгария) - 0221174KZ174 | G58: =IFERROR(__xludf.DUMMYFUNCTION("""COMPUTED_VALUE"""),"KZ.7700.02.01.00726478 / Действителен до 15.02.2026 / 0221174KZ174 / годен до 15.02.2026") -> KZ.7700.02.01.00726478 / Действителен до 15.02.2026 / 0221174KZ174 / годен до 15.02.2026 | H58: =IFERROR(__xludf.DUMMYFUNCTION("""COMPUTED_VALUE"""),"Бандаж при пупочной грыже 5051 XL/XXL (Болгария) KZ.7700.02.01.00726478 / Действителен до 15.02.2026 / 0221174KZ174 / годен до 15.02.2026") -> Бандаж при пупочной грыже 5051 XL/XXL (Болгария) KZ.7700.02.01.00726478 / Действителен до 15.02.2026 / 0221174KZ174 / годен до 15.02.2026
A59: =IFERROR(__xludf.DUMMYFUNCTION("""COMPUTED_VALUE"""),"Бандаж при пупочной грыже 5051 XXXL/XXXXL (Болгария)") -> Бандаж при пупочной грыже 5051 XXXL/XXXXL (Болгария) | B59: =IFERROR(__xludf.DUMMYFUNCTION("""COMPUTED_VALUE"""),"KZ.7700.02.01.00726476") -> KZ.7700.02.01.00726476 | C59: =IFERROR(__xludf.DUMMYFUNCTION("""COMPUTED_VALUE"""),"Действителен до 15.02.2026") -> Действителен до 15.02.2026 | D59: =IFERROR(__xludf.DUMMYFUNCTION("""COMPUTED_VALUE"""),"0221174KZ174") -> 0221174KZ174 | E59: =IFERROR(__xludf.DUMMYFUNCTION("""COMPUTED_VALUE"""),"годен до 15.02.2026") -> годен до 15.02.2026 | F59: =IFERROR(__xludf.DUMMYFUNCTION("""COMPUTED_VALUE"""),"Бандаж при пупочной грыже 5051 XXXL/XXXXL (Болгария) - 0221174KZ174") -> Бандаж при пупочной грыже 5051 XXXL/XXXXL (Болгария) - 0221174KZ174 | G59: =IFERROR(__xludf.DUMMYFUNCTION("""COMPUTED_VALUE"""),"KZ.7700.02.01.00726476 / Действителен до 15.02.2026 / 0221174KZ174 / годен до 15.02.2026") -> KZ.7700.02.01.00726476 / Действителен до 15.02.2026 / 0221174KZ174 / годен до 15.02.2026 | H59: =IFERROR(__xludf.DUMMYFUNCTION("""COMPUTED_VALUE"""),"Бандаж при пупочной грыже 5051 XXXL/XXXXL (Болгария) KZ.7700.02.01.00726476 / Действителен до 15.02.2026 / 0221174KZ174 / годен до 15.02.2026") -> Бандаж при пупочной грыже 5051 XXXL/XXXXL (Болгария) KZ.7700.02.01.00726476 / Действителен до 15.02.2026 / 0221174KZ174 / годен до 15.02.2026
A60: =IFERROR(__xludf.DUMMYFUNCTION("""COMPUTED_VALUE"""),"Бандаж на коленный сустав эластичный 6040 L (Болгария)") -> Бандаж на коленный сустав эластичный 6040 L (Болгария) | B60: =IFERROR(__xludf.DUMMYFUNCTION("""COMPUTED_VALUE"""),"KZ.7700.02.01.00726477") -> KZ.7700.02.01.00726477 | C60: =IFERROR(__xludf.DUMMYFUNCTION("""COMPUTED_VALUE"""),"Действителен до 15.02.2026") -> Действителен до 15.02.2026 | D60: =IFERROR(__xludf.DUMMYFUNCTION("""COMPUTED_VALUE"""),"0221174KZ174") -> 0221174KZ174 | E60: =IFERROR(__xludf.DUMMYFUNCTION("""COMPUTED_VALUE"""),"годен до 15.02.2026") -> годен до 15.02.2026 | F60: =IFERROR(__xludf.DUMMYFUNCTION("""COMPUTED_VALUE"""),"Бандаж на коленный сустав эластичный 6040 L (Болгария) - 0221174KZ174") -> Бандаж на коленный сустав эластичный 6040 L (Болгария) - 0221174KZ174 | G60: =IFERROR(__xludf.DUMMYFUNCTION("""COMPUTED_VALUE"""),"KZ.7700.02.01.00726477 / Действителен до 15.02.2026 / 0221174KZ174 / годен до 15.02.2026") -> KZ.7700.02.01.00726477 / Действителен до 15.02.2026 / 0221174KZ174 / годен до 15.02.2026 | H60: =IFERROR(__xludf.DUMMYFUNCTION("""COMPUTED_VALUE"""),"Бандаж на коленный сустав эластичный 6040 L (Болгария) KZ.7700.02.01.00726477 / Действителен до 15.02.2026 / 0221174KZ174 / годен до 15.02.2026") -> Бандаж на коленный сустав эластичный 6040 L (Болгария) KZ.7700.02.01.00726477 / Действителен до 15.02.2026 / 0221174KZ174 / годен до 15.02.2026
A61: =IFERROR(__xludf.DUMMYFUNCTION("""COMPUTED_VALUE"""),"Бандаж на коленный сустав эластичный 6040 M (Болгария)") -> Бандаж на коленный сустав эластичный 6040 M (Болгария) | B61: =IFERROR(__xludf.DUMMYFUNCTION("""COMPUTED_VALUE"""),"KZ.7700.02.01.00726483") -> KZ.7700.02.01.00726483 | C61: =IFERROR(__xludf.DUMMYFUNCTION("""COMPUTED_VALUE"""),"Действителен до 15.02.2026") -> Действителен до 15.02.2026 | D61: =IFERROR(__xludf.DUMMYFUNCTION("""COMPUTED_VALUE"""),"0221174KZ174") -> 0221174KZ174 | E61: =IFERROR(__xludf.DUMMYFUNCTION("""COMPUTED_VALUE"""),"годен до 15.02.2026") -> годен до 15.02.2026 | F61: =IFERROR(__xludf.DUMMYFUNCTION("""COMPUTED_VALUE"""),"Бандаж на коленный сустав эластичный 6040 M (Болгария) - 0221174KZ174") -> Бандаж на коленный сустав эластичный 6040 M (Болгария) - 0221174KZ174 | G61: =IFERROR(__xludf.DUMMYFUNCTION("""COMPUTED_VALUE"""),"KZ.7700.02.01.00726483 / Действителен до 15.02.2026 / 0221174KZ174 / годен до 15.02.2026") -> KZ.7700.02.01.00726483 / Действителен до 15.02.2026 / 0221174KZ174 / годен до 15.02.2026 | H61: =IFERROR(__xludf.DUMMYFUNCTION("""COMPUTED_VALUE"""),"Бандаж на коленный сустав эластичный 6040 M (Болгария) KZ.7700.02.01.00726483 / Действителен до 15.02.2026 / 0221174KZ174 / годен до 15.02.2026") -> Бандаж на коленный сустав эластичный 6040 M (Болгария) KZ.7700.02.01.00726483 / Действителен до 15.02.2026 / 0221174KZ174 / годен до 15.02.2026
A62: =IFERROR(__xludf.DUMMYFUNCTION("""COMPUTED_VALUE"""),"Бандаж на коленный сустав эластичный 6040 S (Болгария)") -> Бандаж на коленный сустав эластичный 6040 S (Болгария) | B62: =IFERROR(__xludf.DUMMYFUNCTION("""COMPUTED_VALUE"""),"KZ.7700.02.01.00726474") -> KZ.7700.02.01.00726474 | C62: =IFERROR(__xludf.DUMMYFUNCTION("""COMPUTED_VALUE"""),"Действителен до 15.02.2026") -> Действителен до 15.02.2026 | D62: =IFERROR(__xludf.DUMMYFUNCTION("""COMPUTED_VALUE"""),"0221174KZ174") -> 0221174KZ174 | E62: =IFERROR(__xludf.DUMMYFUNCTION("""COMPUTED_VALUE"""),"годен до 15.02.2026") -> годен до 15.02.2026 | F62: =IFERROR(__xludf.DUMMYFUNCTION("""COMPUTED_VALUE"""),"Бандаж на коленный сустав эластичный 6040 S (Болгария) - 0221174KZ174") -> Бандаж на коленный сустав эластичный 6040 S (Болгария) - 0221174KZ174 | G62: =IFERROR(__xludf.DUMMYFUNCTION("""COMPUTED_VALUE"""),"KZ.7700.02.01.00726474 / Действителен до 15.02.2026 / 0221174KZ174 / годен до 15.02.2026") -> KZ.7700.02.01.00726474 / Действителен до 15.02.2026 / 0221174KZ174 / годен до 15.02.2026 | H62: =IFERROR(__xludf.DUMMYFUNCTION("""COMPUTED_VALUE"""),"Бандаж на коленный сустав эластичный 6040 S (Болгария) KZ.7700.02.01.00726474 / Действителен до 15.02.2026 / 0221174KZ174 / годен до 15.02.2026") -> Бандаж на коленный сустав эластичный 6040 S (Болгария) KZ.7700.02.01.00726474 / Действителен до 15.02.2026 / 0221174KZ174 / годен до 15.02.2026
A63: =IFERROR(__xludf.DUMMYFUNCTION("""COMPUTED_VALUE"""),"Бандаж на коленный сустав эластичный 6040 XL (Болгария)") -> Бандаж на коленный сустав эластичный 6040 XL (Болгария) | B63: =IFERROR(__xludf.DUMMYFUNCTION("""COMPUTED_VALUE"""),"KZ.7700.02.01.00726482") -> KZ.7700.02.01.00726482 | C63: =IFERROR(__xludf.DUMMYFUNCTION("""COMPUTED_VALUE"""),"Действителен до 15.02.2026") -> Действителен до 15.02.2026 | D63: =IFERROR(__xludf.DUMMYFUNCTION("""COMPUTED_VALUE"""),"0221174KZ174") -> 0221174KZ174 | E63: =IFERROR(__xludf.DUMMYFUNCTION("""COMPUTED_VALUE"""),"годен до 15.02.2026") -> годен до 15.02.2026 | F63: =IFERROR(__xludf.DUMMYFUNCTION("""COMPUTED_VALUE"""),"Бандаж на коленный сустав эластичный 6040 XL (Болгария) - 0221174KZ174") -> Бандаж на коленный сустав эластичный 6040 XL (Болгария) - 0221174KZ174 | G63: =IFERROR(__xludf.DUMMYFUNCTION("""COMPUTED_VALUE"""),"KZ.7700.02.01.00726482 / Действителен до 15.02.2026 / 0221174KZ174 / годен до 15.02.2026") -> KZ.7700.02.01.00726482 / Действителен до 15.02.2026 / 0221174KZ174 / годен до 15.02.2026 | H63: =IFERROR(__xludf.DUMMYFUNCTION("""COMPUTED_VALUE"""),"Бандаж на коленный сустав эластичный 6040 XL (Болгария) KZ.7700.02.01.00726482 / Действителен до 15.02.2026 / 0221174KZ174 / годен до 15.02.2026") -> Бандаж на коленный сустав эластичный 6040 XL (Болгария) KZ.7700.02.01.00726482 / Действителен до 15.02.2026 / 0221174KZ174 / годен до 15.02.2026
A64: =IFERROR(__xludf.DUMMYFUNCTION("""COMPUTED_VALUE"""),"Бандаж на коленный сустав разъемный 6058 L\XL (Болгария)") -> Бандаж на коленный сустав разъемный 6058 L\XL (Болгария) | B64: =IFERROR(__xludf.DUMMYFUNCTION("""COMPUTED_VALUE"""),"KZ.7700.02.01.00726481") -> KZ.7700.02.01.00726481 | C64: =IFERROR(__xludf.DUMMYFUNCTION("""COMPUTED_VALUE"""),"Действителен до 15.02.2026") -> Действителен до 15.02.2026 | D64: =IFERROR(__xludf.DUMMYFUNCTION("""COMPUTED_VALUE"""),"0221174KZ174") -> 0221174KZ174 | E64: =IFERROR(__xludf.DUMMYFUNCTION("""COMPUTED_VALUE"""),"годен до 15.02.2026") -> годен до 15.02.2026 | F64: =IFERROR(__xludf.DUMMYFUNCTION("""COMPUTED_VALUE"""),"Бандаж на коленный сустав разъемный 6058 L\XL (Болгария) - 0221174KZ174") -> Бандаж на коленный сустав разъемный 6058 L\XL (Болгария) - 0221174KZ174 | G64: =IFERROR(__xludf.DUMMYFUNCTION("""COMPUTED_VALUE"""),"KZ.7700.02.01.00726481 / Действителен до 15.02.2026 / 0221174KZ174 / годен до 15.02.2026") -> KZ.7700.02.01.00726481 / Действителен до 15.02.2026 / 0221174KZ174 / годен до 15.02.2026 | H64: =IFERROR(__xludf.DUMMYFUNCTION("""COMPUTED_VALUE"""),"Бандаж на коленный сустав разъемный 6058 L\XL (Болгария) KZ.7700.02.01.00726481 / Действителен до 15.02.2026 / 0221174KZ174 / годен до 15.02.2026") -> Бандаж на коленный сустав разъемный 6058 L\XL (Болгария) KZ.7700.02.01.00726481 / Действителен до 15.02.2026 / 0221174KZ174 / годен до 15.02.2026
A65: =IFERROR(__xludf.DUMMYFUNCTION("""COMPUTED_VALUE"""),"Бандаж на коленный сустав разъемный 6058 S\M (Болгария)") -> Бандаж на коленный сустав разъемный 6058 S\M (Болгария) | B65: =IFERROR(__xludf.DUMMYFUNCTION("""COMPUTED_VALUE"""),"KZ.7700.02.01.00726475") -> KZ.7700.02.01.00726475 | C65: =IFERROR(__xludf.DUMMYFUNCTION("""COMPUTED_VALUE"""),"Действителен до 15.02.2026") -> Действителен до 15.02.2026 | D65: =IFERROR(__xludf.DUMMYFUNCTION("""COMPUTED_VALUE"""),"0221174KZ174") -> 0221174KZ174 | E65: =IFERROR(__xludf.DUMMYFUNCTION("""COMPUTED_VALUE"""),"годен до 15.02.2026") -> годен до 15.02.2026 | F65: =IFERROR(__xludf.DUMMYFUNCTION("""COMPUTED_VALUE"""),"Бандаж на коленный сустав разъемный 6058 S\M (Болгария) - 0221174KZ174") -> Бандаж на коленный сустав разъемный 6058 S\M (Болгария) - 0221174KZ174 | G65: =IFERROR(__xludf.DUMMYFUNCTION("""COMPUTED_VALUE"""),"KZ.7700.02.01.00726475 / Действителен до 15.02.2026 / 0221174KZ174 / годен до 15.02.2026") -> KZ.7700.02.01.00726475 / Действителен до 15.02.2026 / 0221174KZ174 / годен до 15.02.2026 | H65: =IFERROR(__xludf.DUMMYFUNCTION("""COMPUTED_VALUE"""),"Бандаж на коленный сустав разъемный 6058 S\M (Болгария) KZ.7700.02.01.00726475 / Действителен до 15.02.2026 / 0221174KZ174 / годен до 15.02.2026") -> Бандаж на коленный сустав разъемный 6058 S\M (Болгария) KZ.7700.02.01.00726475 / Действителен до 15.02.2026 / 0221174KZ174 / годен до 15.02.2026
A66: =IFERROR(__xludf.DUMMYFUNCTION("""COMPUTED_VALUE"""),"Корсет ортопедический с ребрами жесткости согревающий 3041 XL/XXL (Болгария)") -> Корсет ортопедический с ребрами жесткости согревающий 3041 XL/XXL (Болгария) | B66: =IFERROR(__xludf.DUMMYFUNCTION("""COMPUTED_VALUE"""),"KZ.7700.02.01.00726441") -> KZ.7700.02.01.00726441 | C66: =IFERROR(__xludf.DUMMYFUNCTION("""COMPUTED_VALUE"""),"Действителен до 15.02.2026") -> Действителен до 15.02.2026 | D66: =IFERROR(__xludf.DUMMYFUNCTION("""COMPUTED_VALUE"""),"0221174KZ174") -> 0221174KZ174 | E66: =IFERROR(__xludf.DUMMYFUNCTION("""COMPUTED_VALUE"""),"годен до 15.02.2026") -> годен до 15.02.2026 | F66: =IFERROR(__xludf.DUMMYFUNCTION("""COMPUTED_VALUE"""),"Корсет ортопедический с ребрами жесткости согревающий 3041 XL/XXL (Болгария) - 0221174KZ174") -> Корсет ортопедический с ребрами жесткости согревающий 3041 XL/XXL (Болгария) - 0221174KZ174 | G66: =IFERROR(__xludf.DUMMYFUNCTION("""COMPUTED_VALUE"""),"KZ.7700.02.01.00726441 / Действителен до 15.02.2026 / 0221174KZ174 / годен до 15.02.2026") -> KZ.7700.02.01.00726441 / Действителен до 15.02.2026 / 0221174KZ174 / годен до 15.02.2026 | H66: =IFERROR(__xludf.DUMMYFUNCTION("""COMPUTED_VALUE"""),"Корсет ортопедический с ребрами жесткости согревающий 3041 XL/XXL (Болгария) KZ.7700.02.01.00726441 / Действителен до 15.02.2026 / 0221174KZ174 / годен до 15.02.2026") -> Корсет ортопедический с ребрами жесткости согревающий 3041 XL/XXL (Болгария) KZ.7700.02.01.00726441 / Действителен до 15.02.2026 / 0221174KZ174 / годен до 15.02.2026
A67: =IFERROR(__xludf.DUMMYFUNCTION("""COMPUTED_VALUE"""),"Бинт эластичный медицинский средней растяжимости (ширина 80 мм) 02х80х1.5") -> Бинт эластичный медицинский средней растяжимости (ширина 80 мм) 02х80х1.5 | B67: =IFERROR(__xludf.DUMMYFUNCTION("""COMPUTED_VALUE"""),"KZ.7700.02.01.00727184") -> KZ.7700.02.01.00727184 | C67: =IFERROR(__xludf.DUMMYFUNCTION("""COMPUTED_VALUE"""),"Действителен до 15.02.2026") -> Действителен до 15.02.2026 | D67: =IFERROR(__xludf.DUMMYFUNCTION("""COMPUTED_VALUE"""),"0221174KZ174") -> 0221174KZ174 | E67: =IFERROR(__xludf.DUMMYFUNCTION("""COMPUTED_VALUE"""),"годен до 15.02.2026") -> годен до 15.02.2026 | F67: =IFERROR(__xludf.DUMMYFUNCTION("""COMPUTED_VALUE"""),"Бинт эластичный медицинский средней растяжимости (ширина 80 мм) 02х80х1.5 - 0221174KZ174") -> Бинт эластичный медицинский средней растяжимости (ширина 80 мм) 02х80х1.5 - 0221174KZ174 | G67: =IFERROR(__xludf.DUMMYFUNCTION("""COMPUTED_VALUE"""),"KZ.7700.02.01.00727184 / Действителен до 15.02.2026 / 0221174KZ174 / годен до 15.02.2026") -> KZ.7700.02.01.00727184 / Действителен до 15.02.2026 / 0221174KZ174 / годен до 15.02.2026 | H67: =IFERROR(__xludf.DUMMYFUNCTION("""COMPUTED_VALUE"""),"Бинт эластичный медицинский средней растяжимости (ширина 80 мм) 02х80х1.5 KZ.7700.02.01.00727184 / Действителен до 15.02.2026 / 0221174KZ174 / годен до 15.02.2026") -> Бинт эластичный медицинский средней растяжимости (ширина 80 мм) 02х80х1.5 KZ.7700.02.01.00727184 / Действителен до 15.02.2026 / 0221174KZ174 / годен до 15.02.2026
A68: =IFERROR(__xludf.DUMMYFUNCTION("""COMPUTED_VALUE"""),"Бинт эластичный медицинский средней растяжимости (ширина 80 мм) 02х80х1") -> Бинт эластичный медицинский средней растяжимости (ширина 80 мм) 02х80х1 | B68: =IFERROR(__xludf.DUMMYFUNCTION("""COMPUTED_VALUE"""),"KZ.7700.02.01.00727185") -> KZ.7700.02.01.00727185 | C68: =IFERROR(__xludf.DUMMYFUNCTION("""COMPUTED_VALUE"""),"Действителен до 15.02.2026") -> Действителен до 15.02.2026 | D68: =IFERROR(__xludf.DUMMYFUNCTION("""COMPUTED_VALUE"""),"0221174KZ174") -> 0221174KZ174 | E68: =IFERROR(__xludf.DUMMYFUNCTION("""COMPUTED_VALUE"""),"годен до 15.02.2026") -> годен до 15.02.2026 | F68: =IFERROR(__xludf.DUMMYFUNCTION("""COMPUTED_VALUE"""),"Бинт эластичный медицинский средней растяжимости (ширина 80 мм) 02х80х1 - 0221174KZ174") -> Бинт эластичный медицинский средней растяжимости (ширина 80 мм) 02х80х1 - 0221174KZ174 | G68: =IFERROR(__xludf.DUMMYFUNCTION("""COMPUTED_VALUE"""),"KZ.7700.02.01.00727185 / Действителен до 15.02.2026 / 0221174KZ174 / годен до 15.02.2026") -> KZ.7700.02.01.00727185 / Действителен до 15.02.2026 / 0221174KZ174 / годен до 15.02.2026 | H68: =IFERROR(__xludf.DUMMYFUNCTION("""COMPUTED_VALUE"""),"Бинт эластичный медицинский средней растяжимости (ширина 80 мм) 02х80х1 KZ.7700.02.01.00727185 / Действителен до 15.02.2026 / 0221174KZ174 / годен до 15.02.2026") -> Бинт эластичный медицинский средней растяжимости (ширина 80 мм) 02х80х1 KZ.7700.02.01.00727185 / Действителен до 15.02.2026 / 0221174KZ174 / годен до 15.02.2026
A69: =IFERROR(__xludf.DUMMYFUNCTION("""COMPUTED_VALUE"""),"Бинт эластичный медицинский средней растяжимости (ширина 80 мм) 02х80х2") -> Бинт эластичный медицинский средней растяжимости (ширина 80 мм) 02х80х2 | B69: =IFERROR(__xludf.DUMMYFUNCTION("""COMPUTED_VALUE"""),"KZ.7700.02.01.00727183") -> KZ.7700.02.01.00727183 | C69: =IFERROR(__xludf.DUMMYFUNCTION("""COMPUTED_VALUE"""),"Действителен до 15.02.2026") -> Действителен до 15.02.2026 | D69: =IFERROR(__xludf.DUMMYFUNCTION("""COMPUTED_VALUE"""),"0221174KZ174") -> 0221174KZ174 | E69: =IFERROR(__xludf.DUMMYFUNCTION("""COMPUTED_VALUE"""),"годен до 15.02.2026") -> годен до 15.02.2026 | F69: =IFERROR(__xludf.DUMMYFUNCTION("""COMPUTED_VALUE"""),"Бинт эластичный медицинский средней растяжимости (ширина 80 мм) 02х80х2 - 0221174KZ174") -> Бинт эластичный медицинский средней растяжимости (ширина 80 мм) 02х80х2 - 0221174KZ174 | G69: =IFERROR(__xludf.DUMMYFUNCTION("""COMPUTED_VALUE"""),"KZ.7700.02.01.00727183 / Действителен до 15.02.2026 / 0221174KZ174 / годен до 15.02.2026") -> KZ.7700.02.01.00727183 / Действителен до 15.02.2026 / 0221174KZ174 / годен до 15.02.2026 | H69: =IFERROR(__xludf.DUMMYFUNCTION("""COMPUTED_VALUE"""),"Бинт эластичный медицинский средней растяжимости (ширина 80 мм) 02х80х2 KZ.7700.02.01.00727183 / Действителен до 15.02.2026 / 0221174KZ174 / годен до 15.02.2026") -> Бинт эластичный медицинский средней растяжимости (ширина 80 мм) 02х80х2 KZ.7700.02.01.00727183 / Действителен до 15.02.2026 / 0221174KZ174 / годен до 15.02.2026
A70: =IFERROR(__xludf.DUMMYFUNCTION("""COMPUTED_VALUE"""),"Бинт эластичный медицинский средней растяжимости (ширина 80 мм) 02х80х2.5") -> Бинт эластичный медицинский средней растяжимости (ширина 80 мм) 02х80х2.5 | B70: =IFERROR(__xludf.DUMMYFUNCTION("""COMPUTED_VALUE"""),"KZ.7700.02.01.00727188") -> KZ.7700.02.01.00727188 | C70: =IFERROR(__xludf.DUMMYFUNCTION("""COMPUTED_VALUE"""),"Действителен до 15.02.2026") -> Действителен до 15.02.2026 | D70: =IFERROR(__xludf.DUMMYFUNCTION("""COMPUTED_VALUE"""),"0221174KZ174") -> 0221174KZ174 | E70: =IFERROR(__xludf.DUMMYFUNCTION("""COMPUTED_VALUE"""),"годен до 15.02.2026") -> годен до 15.02.2026 | F70: =IFERROR(__xludf.DUMMYFUNCTION("""COMPUTED_VALUE"""),"Бинт эластичный медицинский средней растяжимости (ширина 80 мм) 02х80х2.5 - 0221174KZ174") -> Бинт эластичный медицинский средней растяжимости (ширина 80 мм) 02х80х2.5 - 0221174KZ174 | G70: =IFERROR(__xludf.DUMMYFUNCTION("""COMPUTED_VALUE"""),"KZ.7700.02.01.00727188 / Действителен до 15.02.2026 / 0221174KZ174 / годен до 15.02.2026") -> KZ.7700.02.01.00727188 / Действителен до 15.02.2026 / 0221174KZ174 / годен до 15.02.2026 | H70: =IFERROR(__xludf.DUMMYFUNCTION("""COMPUTED_VALUE"""),"Бинт эластичный медицинский средней растяжимости (ширина 80 мм) 02х80х2.5 KZ.7700.02.01.00727188 / Действителен до 15.02.2026 / 0221174KZ174 / годен до 15.02.2026") -> Бинт эластичный медицинский средней растяжимости (ширина 80 мм) 02х80х2.5 KZ.7700.02.01.00727188 / Действителен до 15.02.2026 / 0221174KZ174 / годен до 15.02.2026
A71: =IFERROR(__xludf.DUMMYFUNCTION("""COMPUTED_VALUE"""),"Бинт эластичный медицинский средней растяжимости (ширина 80 мм) 02х80х3") -> Бинт эластичный медицинский средней растяжимости (ширина 80 мм) 02х80х3 | B71: =IFERROR(__xludf.DUMMYFUNCTION("""COMPUTED_VALUE"""),"KZ.7700.02.01.00727191") -> KZ.7700.02.01.00727191 | C71: =IFERROR(__xludf.DUMMYFUNCTION("""COMPUTED_VALUE"""),"Действителен до 15.02.2026") -> Действителен до 15.02.2026 | D71: =IFERROR(__xludf.DUMMYFUNCTION("""COMPUTED_VALUE"""),"0221174KZ174") -> 0221174KZ174 | E71: =IFERROR(__xludf.DUMMYFUNCTION("""COMPUTED_VALUE"""),"годен до 15.02.2026") -> годен до 15.02.2026 | F71: =IFERROR(__xludf.DUMMYFUNCTION("""COMPUTED_VALUE"""),"Бинт эластичный медицинский средней растяжимости (ширина 80 мм) 02х80х3 - 0221174KZ174") -> Бинт эластичный медицинский средней растяжимости (ширина 80 мм) 02х80х3 - 0221174KZ174 | G71: =IFERROR(__xludf.DUMMYFUNCTION("""COMPUTED_VALUE"""),"KZ.7700.02.01.00727191 / Действителен до 15.02.2026 / 0221174KZ174 / годен до 15.02.2026") -> KZ.7700.02.01.00727191 / Действителен до 15.02.2026 / 0221174KZ174 / годен до 15.02.2026 | H71: =IFERROR(__xludf.DUMMYFUNCTION("""COMPUTED_VALUE"""),"Бинт эластичный медицинский средней растяжимости (ширина 80 мм) 02х80х3 KZ.7700.02.01.00727191 / Действителен до 15.02.2026 / 0221174KZ174 / годен до 15.02.2026") -> Бинт эластичный медицинский средней растяжимости (ширина 80 мм) 02х80х3 KZ.7700.02.01.00727191 / Действителен до 15.02.2026 / 0221174KZ174 / годен до 15.02.2026
A72: =IFERROR(__xludf.DUMMYFUNCTION("""COMPUTED_VALUE"""),"Бинт эластичный медицинский средней растяжимости (ширина 80 мм) 02х80х3.5") -> Бинт эластичный медицинский средней растяжимости (ширина 80 мм) 02х80х3.5 | B72: =IFERROR(__xludf.DUMMYFUNCTION("""COMPUTED_VALUE"""),"KZ.7700.02.01.00727189") -> KZ.7700.02.01.00727189 | C72: =IFERROR(__xludf.DUMMYFUNCTION("""COMPUTED_VALUE"""),"Действителен до 15.02.2026") -> Действителен до 15.02.2026 | D72: =IFERROR(__xludf.DUMMYFUNCTION("""COMPUTED_VALUE"""),"0221174KZ174") -> 0221174KZ174 | E72: =IFERROR(__xludf.DUMMYFUNCTION("""COMPUTED_VALUE"""),"годен до 15.02.2026") -> годен до 15.02.2026 | F72: =IFERROR(__xludf.DUMMYFUNCTION("""COMPUTED_VALUE"""),"Бинт эластичный медицинский средней растяжимости (ширина 80 мм) 02х80х3.5 - 0221174KZ174") -> Бинт эластичный медицинский средней растяжимости (ширина 80 мм) 02х80х3.5 - 0221174KZ174 | G72: =IFERROR(__xludf.DUMMYFUNCTION("""COMPUTED_VALUE"""),"KZ.7700.02.01.00727189 / Действителен до 15.02.2026 / 0221174KZ174 / годен до 15.02.2026") -> KZ.7700.02.01.00727189 / Действителен до 15.02.2026 / 0221174KZ174 / годен до 15.02.2026 | H72: =IFERROR(__xludf.DUMMYFUNCTION("""COMPUTED_VALUE"""),"Бинт эластичный медицинский средней растяжимости (ширина 80 мм) 02х80х3.5 KZ.7700.02.01.00727189 / Действителен до 15.02.2026 / 0221174KZ174 / годен до 15.02.2026") -> Бинт эластичный медицинский средней растяжимости (ширина 80 мм) 02х80х3.5 KZ.7700.02.01.00727189 / Действителен до 15.02.2026 / 0221174KZ174 / годен до 15.02.2026
A73: =IFERROR(__xludf.DUMMYFUNCTION("""COMPUTED_VALUE"""),"Бинт эластичный медицинский средней растяжимости (ширина 80 мм) 02х80х4") -> Бинт эластичный медицинский средней растяжимости (ширина 80 мм) 02х80х4 | B73: =IFERROR(__xludf.DUMMYFUNCTION("""COMPUTED_VALUE"""),"KZ.7700.02.01.00727186") -> KZ.7700.02.01.00727186 | C73: =IFERROR(__xludf.DUMMYFUNCTION("""COMPUTED_VALUE"""),"Действителен до 15.02.2026") -> Действителен до 15.02.2026 | D73: =IFERROR(__xludf.DUMMYFUNCTION("""COMPUTED_VALUE"""),"0221174KZ174") -> 0221174KZ174 | E73: =IFERROR(__xludf.DUMMYFUNCTION("""COMPUTED_VALUE"""),"годен до 15.02.2026") -> годен до 15.02.2026 | F73: =IFERROR(__xludf.DUMMYFUNCTION("""COMPUTED_VALUE"""),"Бинт эластичный медицинский средней растяжимости (ширина 80 мм) 02х80х4 - 0221174KZ174") -> Бинт эластичный медицинский средней растяжимости (ширина 80 мм) 02х80х4 - 0221174KZ174 | G73: =IFERROR(__xludf.DUMMYFUNCTION("""COMPUTED_VALUE"""),"KZ.7700.02.01.00727186 / Действителен до 15.02.2026 / 0221174KZ174 / годен до 15.02.2026") -> KZ.7700.02.01.00727186 / Действителен до 15.02.2026 / 0221174KZ174 / годен до 15.02.2026 | H73: =IFERROR(__xludf.DUMMYFUNCTION("""COMPUTED_VALUE"""),"Бинт эластичный медицинский средней растяжимости (ширина 80 мм) 02х80х4 KZ.7700.02.01.00727186 / Действителен до 15.02.2026 / 0221174KZ174 / годен до 15.02.2026") -> Бинт эластичный медицинский средней растяжимости (ширина 80 мм) 02х80х4 KZ.7700.02.01.00727186 / Действителен до 15.02.2026 / 0221174KZ174 / годен до 15.02.2026
A74: =IFERROR(__xludf.DUMMYFUNCTION("""COMPUTED_VALUE"""),"Бинт эластичный медицинский средней растяжимости (ширина 80 мм) 02х80х5") -> Бинт эластичный медицинский средней растяжимости (ширина 80 мм) 02х80х5 | B74: =IFERROR(__xludf.DUMMYFUNCTION("""COMPUTED_VALUE"""),"KZ.7700.02.01.00727187") -> KZ.7700.02.01.00727187 | C74: =IFERROR(__xludf.DUMMYFUNCTION("""COMPUTED_VALUE"""),"Действителен до 15.02.2026") -> Действителен до 15.02.2026 | D74: =IFERROR(__xludf.DUMMYFUNCTION("""COMPUTED_VALUE"""),"0221174KZ174") -> 0221174KZ174 | E74: =IFERROR(__xludf.DUMMYFUNCTION("""COMPUTED_VALUE"""),"годен до 15.02.2026") -> годен до 15.02.2026 | F74: =IFERROR(__xludf.DUMMYFUNCTION("""COMPUTED_VALUE"""),"Бинт эластичный медицинский средней растяжимости (ширина 80 мм) 02х80х5 - 0221174KZ174") -> Бинт эластичный медицинский средней растяжимости (ширина 80 мм) 02х80х5 - 0221174KZ174 | G74: =IFERROR(__xludf.DUMMYFUNCTION("""COMPUTED_VALUE"""),"KZ.7700.02.01.00727187 / Действителен до 15.02.2026 / 0221174KZ174 / годен до 15.02.2026") -> KZ.7700.02.01.00727187 / Действителен до 15.02.2026 / 0221174KZ174 / годен до 15.02.2026 | H74: =IFERROR(__xludf.DUMMYFUNCTION("""COMPUTED_VALUE"""),"Бинт эластичный медицинский средней растяжимости (ширина 80 мм) 02х80х5 KZ.7700.02.01.00727187 / Действителен до 15.02.2026 / 0221174KZ174 / годен до 15.02.2026") -> Бинт эластичный медицинский средней растяжимости (ширина 80 мм) 02х80х5 KZ.7700.02.01.00727187 / Действителен до 15.02.2026 / 0221174KZ174 / годен до 15.02.2026
A75: =IFERROR(__xludf.DUMMYFUNCTION("""COMPUTED_VALUE"""),"Бандаж на коленный сустав разъемный 6058 XXL (Болгария)") -> Бандаж на коленный сустав разъемный 6058 XXL (Болгария) | B75: =IFERROR(__xludf.DUMMYFUNCTION("""COMPUTED_VALUE"""),"KZ.7700.02.01.00727154") -> KZ.7700.02.01.00727154 | C75: =IFERROR(__xludf.DUMMYFUNCTION("""COMPUTED_VALUE"""),"Действителен до 15.02.2026") -> Действителен до 15.02.2026 | D75: =IFERROR(__xludf.DUMMYFUNCTION("""COMPUTED_VALUE"""),"0221174KZ174") -> 0221174KZ174 | E75: =IFERROR(__xludf.DUMMYFUNCTION("""COMPUTED_VALUE"""),"годен до 15.02.2026") -> годен до 15.02.2026 | F75: =IFERROR(__xludf.DUMMYFUNCTION("""COMPUTED_VALUE"""),"Бандаж на коленный сустав разъемный 6058 XXL (Болгария) - 0221174KZ174") -> Бандаж на коленный сустав разъемный 6058 XXL (Болгария) - 0221174KZ174 | G75: =IFERROR(__xludf.DUMMYFUNCTION("""COMPUTED_VALUE"""),"KZ.7700.02.01.00727154 / Действителен до 15.02.2026 / 0221174KZ174 / годен до 15.02.2026") -> KZ.7700.02.01.00727154 / Действителен до 15.02.2026 / 0221174KZ174 / годен до 15.02.2026 | H75: =IFERROR(__xludf.DUMMYFUNCTION("""COMPUTED_VALUE"""),"Бандаж на коленный сустав разъемный 6058 XXL (Болгария) KZ.7700.02.01.00727154 / Действителен до 15.02.2026 / 0221174KZ174 / годен до 15.02.2026") -> Бандаж на коленный сустав разъемный 6058 XXL (Болгария) KZ.7700.02.01.00727154 / Действителен до 15.02.2026 / 0221174KZ174 / годен до 15.02.2026
